kpi_id,fitness_value,task_id,staff_id,weight
KPI.No1,16.808597564697266,Task.No1,Staff.No1,0.010763642378151417
KPI.No1,16.808597564697266,Task.No1,Staff.No2,0.01923896186053753
KPI.No1,16.808597564697266,Task.No1,Staff.No3,0.022127952426671982
KPI.No1,16.808597564697266,Task.No1,Staff.No4,0.02582930214703083
KPI.No1,16.808597564697266,Task.No1,Staff.No5,0.010527275502681732
KPI.No1,16.808597564697266,Task.No1,Staff.No6,0.016403792425990105
KPI.No1,16.808597564697266,Task.No1,Staff.No7,0.007795690558850765
KPI.No1,16.808597564697266,Task.No1,Staff.No8,0.02459484338760376
KPI.No1,16.808597564697266,Task.No1,Staff.No9,0.02660788968205452
KPI.No1,16.808597564697266,Task.No1,Staff.No10,0.020405208691954613
KPI.No1,16.808597564697266,Task.No1,Staff.No11,0.007157335057854652
KPI.No1,16.808597564697266,Task.No1,Staff.No12,0.018644221127033234
KPI.No1,16.808597564697266,Task.No1,Staff.No13,0.021048229187726974
KPI.No1,16.808597564697266,Task.No1,Staff.No14,0.015041645616292953
KPI.No1,16.808597564697266,Task.No1,Staff.No15,0.019791966304183006
KPI.No1,16.808597564697266,Task.No1,Staff.No16,0.016958311200141907
KPI.No1,16.808597564697266,Task.No1,Staff.No17,0.018867837265133858
KPI.No1,16.808597564697266,Task.No1,Staff.No18,0.020160548388957977
KPI.No1,16.808597564697266,Task.No1,Staff.No19,0.019365621730685234
KPI.No1,16.808597564697266,Task.No1,Staff.No20,0.02198018692433834
KPI.No1,16.808597564697266,Task.No1,Staff.No21,0.013462909497320652
KPI.No1,16.808597564697266,Task.No1,Staff.No22,0.016758499667048454
KPI.No1,16.808597564697266,Task.No1,Staff.No23,0.015796978026628494
KPI.No1,16.808597564697266,Task.No1,Staff.No24,0.021128322929143906
KPI.No1,16.808597564697266,Task.No1,Staff.No25,0.0079494034871459
KPI.No1,16.808597564697266,Task.No1,Staff.No26,0.015175927430391312
KPI.No1,16.808597564697266,Task.No1,Staff.No27,0.018712785094976425
KPI.No1,16.808597564697266,Task.No1,Staff.No28,0.010493790730834007
KPI.No1,16.808597564697266,Task.No1,Staff.No29,0.01910444162786007
KPI.No1,16.808597564697266,Task.No1,Staff.No30,0.01785030961036682
KPI.No1,16.808597564697266,Task.No1,Staff.No31,0.02217176742851734
KPI.No1,16.808597564697266,Task.No1,Staff.No32,0.025288064032793045
KPI.No1,16.808597564697266,Task.No1,Staff.No33,0.009907032363116741
KPI.No1,16.808597564697266,Task.No1,Staff.No34,0.017413564026355743
KPI.No1,16.808597564697266,Task.No1,Staff.No35,0.020065587013959885
KPI.No1,16.808597564697266,Task.No1,Staff.No36,0.021116994321346283
KPI.No1,16.808597564697266,Task.No1,Staff.No37,0.02214476838707924
KPI.No1,16.808597564697266,Task.No1,Staff.No38,0.011360464617609978
KPI.No1,16.808597564697266,Task.No1,Staff.No39,0.0215151309967041
KPI.No1,16.808597564697266,Task.No1,Staff.No40,0.012918050400912762
KPI.No1,16.808597564697266,Task.No1,Staff.No41,0.024473343044519424
KPI.No1,16.808597564697266,Task.No1,Staff.No42,0.022538596764206886
KPI.No1,16.808597564697266,Task.No1,Staff.No43,0.012617531232535839
KPI.No1,16.808597564697266,Task.No1,Staff.No44,0.009663593955338001
KPI.No1,16.808597564697266,Task.No1,Staff.No45,0.0225982703268528
KPI.No1,16.808597564697266,Task.No1,Staff.No46,0.01409194990992546
KPI.No1,16.808597564697266,Task.No1,Staff.No47,0.023981669917702675
KPI.No1,16.808597564697266,Task.No1,Staff.No48,0.01812080852687359
KPI.No1,16.808597564697266,Task.No1,Staff.No49,0.021161098033189774
KPI.No1,16.808597564697266,Task.No1,Staff.No50,0.025808218866586685
KPI.No1,16.808597564697266,Task.No1,Staff.No51,0.01265067420899868
KPI.No1,16.808597564697266,Task.No1,Staff.No52,0.010548855178058147
KPI.No1,16.808597564697266,Task.No1,Staff.No53,0.022083336487412453
KPI.No1,16.808597564697266,Task.No1,Staff.No54,0.008832945488393307
KPI.No1,16.808597564697266,Task.No1,Staff.No55,0.013195067644119263
KPI.No1,16.808597564697266,Task.No1,Staff.No56,0.012124299071729183
KPI.No1,16.808597564697266,Task.No1,Staff.No57,0.023493116721510887
KPI.No1,16.808597564697266,Task.No1,Staff.No58,0.020438814535737038
KPI.No1,16.808597564697266,Task.No1,Staff.No59,0.01685969904065132
KPI.No1,16.808597564697266,Task.No1,Staff.No60,0.01819576695561409
KPI.No1,16.808597564697266,Task.No2,Staff.No1,0.013379372656345367
KPI.No1,16.808597564697266,Task.No2,Staff.No2,0.017123814672231674
KPI.No1,16.808597564697266,Task.No2,Staff.No3,0.02755524031817913
KPI.No1,16.808597564697266,Task.No2,Staff.No4,0.018324172124266624
KPI.No1,16.808597564697266,Task.No2,Staff.No5,0.017894145101308823
KPI.No1,16.808597564697266,Task.No2,Staff.No6,0.021197719499468803
KPI.No1,16.808597564697266,Task.No2,Staff.No7,0.01665511168539524
KPI.No1,16.808597564697266,Task.No2,Staff.No8,0.023741576820611954
KPI.No1,16.808597564697266,Task.No2,Staff.No9,0.012583076022565365
KPI.No1,16.808597564697266,Task.No2,Staff.No10,0.015572034753859043
KPI.No1,16.808597564697266,Task.No2,Staff.No11,0.014220055192708969
KPI.No1,16.808597564697266,Task.No2,Staff.No12,0.01568528823554516
KPI.No1,16.808597564697266,Task.No2,Staff.No13,0.013304186053574085
KPI.No1,16.808597564697266,Task.No2,Staff.No14,0.01361442357301712
KPI.No1,16.808597564697266,Task.No2,Staff.No15,0.015161814168095589
KPI.No1,16.808597564697266,Task.No2,Staff.No16,0.01208055391907692
KPI.No1,16.808597564697266,Task.No2,Staff.No17,0.010533830150961876
KPI.No1,16.808597564697266,Task.No2,Staff.No18,0.027208589017391205
KPI.No1,16.808597564697266,Task.No2,Staff.No19,0.01854642666876316
KPI.No1,16.808597564697266,Task.No2,Staff.No20,0.020373526960611343
KPI.No1,16.808597564697266,Task.No2,Staff.No21,0.026129228994250298
KPI.No1,16.808597564697266,Task.No2,Staff.No22,0.014017095789313316
KPI.No1,16.808597564697266,Task.No2,Staff.No23,0.019521566107869148
KPI.No1,16.808597564697266,Task.No2,Staff.No24,0.01681152731180191
KPI.No1,16.808597564697266,Task.No2,Staff.No25,0.026200592517852783
KPI.No1,16.808597564697266,Task.No2,Staff.No26,0.020327383652329445
KPI.No1,16.808597564697266,Task.No2,Staff.No27,0.012736850418150425
KPI.No1,16.808597564697266,Task.No2,Staff.No28,0.0147451963275671
KPI.No1,16.808597564697266,Task.No2,Staff.No29,0.014264252036809921
KPI.No1,16.808597564697266,Task.No2,Staff.No30,0.017852718010544777
KPI.No1,16.808597564697266,Task.No2,Staff.No31,0.017560290172696114
KPI.No1,16.808597564697266,Task.No2,Staff.No32,0.01521346066147089
KPI.No1,16.808597564697266,Task.No2,Staff.No33,0.01619872637093067
KPI.No1,16.808597564697266,Task.No2,Staff.No34,0.012323270551860332
KPI.No1,16.808597564697266,Task.No2,Staff.No35,0.0191987045109272
KPI.No1,16.808597564697266,Task.No2,Staff.No36,0.024133654311299324
KPI.No1,16.808597564697266,Task.No2,Staff.No37,0.01708553545176983
KPI.No1,16.808597564697266,Task.No2,Staff.No38,0.009462679736316204
KPI.No1,16.808597564697266,Task.No2,Staff.No39,0.02147485688328743
KPI.No1,16.808597564697266,Task.No2,Staff.No40,0.014999250881373882
KPI.No1,16.808597564697266,Task.No2,Staff.No41,0.026442453265190125
KPI.No1,16.808597564697266,Task.No2,Staff.No42,0.024438142776489258
KPI.No1,16.808597564697266,Task.No2,Staff.No43,0.02324584685266018
KPI.No1,16.808597564697266,Task.No2,Staff.No44,0.010479834862053394
KPI.No1,16.808597564697266,Task.No2,Staff.No45,0.007901017554104328
KPI.No1,16.808597564697266,Task.No2,Staff.No46,0.024838728830218315
KPI.No1,16.808597564697266,Task.No2,Staff.No47,0.008419392630457878
KPI.No1,16.808597564697266,Task.No2,Staff.No48,0.01586073264479637
KPI.No1,16.808597564697266,Task.No2,Staff.No49,0.02267625741660595
KPI.No1,16.808597564697266,Task.No2,Staff.No50,0.011880815029144287
KPI.No1,16.808597564697266,Task.No2,Staff.No51,0.016334526240825653
KPI.No1,16.808597564697266,Task.No2,Staff.No52,0.008379406295716763
KPI.No1,16.808597564697266,Task.No2,Staff.No53,0.011788777075707912
KPI.No1,16.808597564697266,Task.No2,Staff.No54,0.013905247673392296
KPI.No1,16.808597564697266,Task.No2,Staff.No55,0.014829719439148903
KPI.No1,16.808597564697266,Task.No2,Staff.No56,0.010600723326206207
KPI.No1,16.808597564697266,Task.No2,Staff.No57,0.009366866201162338
KPI.No1,16.808597564697266,Task.No2,Staff.No58,0.0267278254032135
KPI.No1,16.808597564697266,Task.No2,Staff.No59,0.010753855109214783
KPI.No1,16.808597564697266,Task.No2,Staff.No60,0.0129923140630126
KPI.No1,16.808597564697266,Task.No3,Staff.No1,0.016501804813742638
KPI.No1,16.808597564697266,Task.No3,Staff.No2,0.013977522030472755
KPI.No1,16.808597564697266,Task.No3,Staff.No3,0.01742267794907093
KPI.No1,16.808597564697266,Task.No3,Staff.No4,0.021526608616113663
KPI.No1,16.808597564697266,Task.No3,Staff.No5,0.012284321710467339
KPI.No1,16.808597564697266,Task.No3,Staff.No6,0.020883629098534584
KPI.No1,16.808597564697266,Task.No3,Staff.No7,0.02732366882264614
KPI.No1,16.808597564697266,Task.No3,Staff.No8,0.025358721613883972
KPI.No1,16.808597564697266,Task.No3,Staff.No9,0.012064922600984573
KPI.No1,16.808597564697266,Task.No3,Staff.No10,0.026028400287032127
KPI.No1,16.808597564697266,Task.No3,Staff.No11,0.015436124987900257
KPI.No1,16.808597564697266,Task.No3,Staff.No12,0.015462255105376244
KPI.No1,16.808597564697266,Task.No3,Staff.No13,0.021873904392123222
KPI.No1,16.808597564697266,Task.No3,Staff.No14,0.012425396591424942
KPI.No1,16.808597564697266,Task.No3,Staff.No15,0.02163984626531601
KPI.No1,16.808597564697266,Task.No3,Staff.No16,0.01431327499449253
KPI.No1,16.808597564697266,Task.No3,Staff.No17,0.015574493445456028
KPI.No1,16.808597564697266,Task.No3,Staff.No18,0.019646428525447845
KPI.No1,16.808597564697266,Task.No3,Staff.No19,0.022754069417715073
KPI.No1,16.808597564697266,Task.No3,Staff.No20,0.01853400468826294
KPI.No1,16.808597564697266,Task.No3,Staff.No21,0.027969831600785255
KPI.No1,16.808597564697266,Task.No3,Staff.No22,0.025389758870005608
KPI.No1,16.808597564697266,Task.No3,Staff.No23,0.023026974871754646
KPI.No1,16.808597564697266,Task.No3,Staff.No24,0.020852897316217422
KPI.No1,16.808597564697266,Task.No3,Staff.No25,0.022049563005566597
KPI.No1,16.808597564697266,Task.No3,Staff.No26,0.019793355837464333
KPI.No1,16.808597564697266,Task.No3,Staff.No27,0.02276841551065445
KPI.No1,16.808597564697266,Task.No3,Staff.No28,0.026384565979242325
KPI.No1,16.808597564697266,Task.No3,Staff.No29,0.020412638783454895
KPI.No1,16.808597564697266,Task.No3,Staff.No30,0.02000688575208187
KPI.No1,16.808597564697266,Task.No3,Staff.No31,0.014069660566747189
KPI.No1,16.808597564697266,Task.No3,Staff.No32,0.024263974279165268
KPI.No1,16.808597564697266,Task.No3,Staff.No33,0.016850590705871582
KPI.No1,16.808597564697266,Task.No3,Staff.No34,0.018478024750947952
KPI.No1,16.808597564697266,Task.No3,Staff.No35,0.027283435687422752
KPI.No1,16.808597564697266,Task.No3,Staff.No36,0.02394062653183937
KPI.No1,16.808597564697266,Task.No3,Staff.No37,0.018630128353834152
KPI.No1,16.808597564697266,Task.No3,Staff.No38,0.026848725974559784
KPI.No1,16.808597564697266,Task.No3,Staff.No39,0.024905510246753693
KPI.No1,16.808597564697266,Task.No3,Staff.No40,0.02800835110247135
KPI.No1,16.808597564697266,Task.No3,Staff.No41,0.023673564195632935
KPI.No1,16.808597564697266,Task.No3,Staff.No42,0.022490236908197403
KPI.No1,16.808597564697266,Task.No3,Staff.No43,0.011485717259347439
KPI.No1,16.808597564697266,Task.No3,Staff.No44,0.020302318036556244
KPI.No1,16.808597564697266,Task.No3,Staff.No45,0.023057322949171066
KPI.No1,16.808597564697266,Task.No3,Staff.No46,0.025579342618584633
KPI.No1,16.808597564697266,Task.No3,Staff.No47,0.02099333144724369
KPI.No1,16.808597564697266,Task.No3,Staff.No48,0.018916774541139603
KPI.No1,16.808597564697266,Task.No3,Staff.No49,0.02252565696835518
KPI.No1,16.808597564697266,Task.No3,Staff.No50,0.0231572687625885
KPI.No1,16.808597564697266,Task.No3,Staff.No51,0.020401274785399437
KPI.No1,16.808597564697266,Task.No3,Staff.No52,0.018927861005067825
KPI.No1,16.808597564697266,Task.No3,Staff.No53,0.023545995354652405
KPI.No1,16.808597564697266,Task.No3,Staff.No54,0.022331707179546356
KPI.No1,16.808597564697266,Task.No3,Staff.No55,0.019388699904084206
KPI.No1,16.808597564697266,Task.No3,Staff.No56,0.022529052570462227
KPI.No1,16.808597564697266,Task.No3,Staff.No57,0.02799258381128311
KPI.No1,16.808597564697266,Task.No3,Staff.No58,0.024490922689437866
KPI.No1,16.808597564697266,Task.No3,Staff.No59,0.015085664577782154
KPI.No1,16.808597564697266,Task.No3,Staff.No60,0.020181545987725258
KPI.No2,16.808597564697266,Task.No1,Staff.No1,0.025992874056100845
KPI.No2,16.808597564697266,Task.No1,Staff.No2,0.012722505256533623
KPI.No2,16.808597564697266,Task.No1,Staff.No3,0.01001622062176466
KPI.No2,16.808597564697266,Task.No1,Staff.No4,0.014990943484008312
KPI.No2,16.808597564697266,Task.No1,Staff.No5,0.02518153376877308
KPI.No2,16.808597564697266,Task.No1,Staff.No6,0.020635975524783134
KPI.No2,16.808597564697266,Task.No1,Staff.No7,0.008549949154257774
KPI.No2,16.808597564697266,Task.No1,Staff.No8,0.016329916194081306
KPI.No2,16.808597564697266,Task.No1,Staff.No9,0.02503765933215618
KPI.No2,16.808597564697266,Task.No1,Staff.No10,0.012155509553849697
KPI.No2,16.808597564697266,Task.No1,Staff.No11,0.0280744768679142
KPI.No2,16.808597564697266,Task.No1,Staff.No12,0.019852347671985626
KPI.No2,16.808597564697266,Task.No1,Staff.No13,0.0208925511687994
KPI.No2,16.808597564697266,Task.No1,Staff.No14,0.024075932800769806
KPI.No2,16.808597564697266,Task.No1,Staff.No15,0.017807617783546448
KPI.No2,16.808597564697266,Task.No1,Staff.No16,0.017062051221728325
KPI.No2,16.808597564697266,Task.No1,Staff.No17,0.013707042671740055
KPI.No2,16.808597564697266,Task.No1,Staff.No18,0.015036813914775848
KPI.No2,16.808597564697266,Task.No1,Staff.No19,0.015691809356212616
KPI.No2,16.808597564697266,Task.No1,Staff.No20,0.00950324721634388
KPI.No2,16.808597564697266,Task.No1,Staff.No21,0.019430555403232574
KPI.No2,16.808597564697266,Task.No1,Staff.No22,0.0276362095028162
KPI.No2,16.808597564697266,Task.No1,Staff.No23,0.017354145646095276
KPI.No2,16.808597564697266,Task.No1,Staff.No24,0.02206420712172985
KPI.No2,16.808597564697266,Task.No1,Staff.No25,0.009437286294996738
KPI.No2,16.808597564697266,Task.No1,Staff.No26,0.023322265595197678
KPI.No2,16.808597564697266,Task.No1,Staff.No27,0.022201867774128914
KPI.No2,16.808597564697266,Task.No1,Staff.No28,0.01441330835223198
KPI.No2,16.808597564697266,Task.No1,Staff.No29,0.016078464686870575
KPI.No2,16.808597564697266,Task.No1,Staff.No30,0.018429122865200043
KPI.No2,16.808597564697266,Task.No1,Staff.No31,0.021333474665880203
KPI.No2,16.808597564697266,Task.No1,Staff.No32,0.016904497519135475
KPI.No2,16.808597564697266,Task.No1,Staff.No33,0.007051669992506504
KPI.No2,16.808597564697266,Task.No1,Staff.No34,0.014352058060467243
KPI.No2,16.808597564697266,Task.No1,Staff.No35,0.01976482756435871
KPI.No2,16.808597564697266,Task.No1,Staff.No36,0.021664714440703392
KPI.No2,16.808597564697266,Task.No1,Staff.No37,0.014598765410482883
KPI.No2,16.808597564697266,Task.No1,Staff.No38,0.018485112115740776
KPI.No2,16.808597564697266,Task.No1,Staff.No39,0.020832054316997528
KPI.No2,16.808597564697266,Task.No1,Staff.No40,0.01005417201668024
KPI.No2,16.808597564697266,Task.No1,Staff.No41,0.023015080019831657
KPI.No2,16.808597564697266,Task.No1,Staff.No42,0.021108953282237053
KPI.No2,16.808597564697266,Task.No1,Staff.No43,0.01548722106963396
KPI.No2,16.808597564697266,Task.No1,Staff.No44,0.018452947959303856
KPI.No2,16.808597564697266,Task.No1,Staff.No45,0.011737525463104248
KPI.No2,16.808597564697266,Task.No1,Staff.No46,0.023852325975894928
KPI.No2,16.808597564697266,Task.No1,Staff.No47,0.022050539031624794
KPI.No2,16.808597564697266,Task.No1,Staff.No48,0.022385329008102417
KPI.No2,16.808597564697266,Task.No1,Staff.No49,0.016209207475185394
KPI.No2,16.808597564697266,Task.No1,Staff.No50,0.023034991696476936
KPI.No2,16.808597564697266,Task.No1,Staff.No51,0.014705494046211243
KPI.No2,16.808597564697266,Task.No1,Staff.No52,0.024446941912174225
KPI.No2,16.808597564697266,Task.No1,Staff.No53,0.026877764612436295
KPI.No2,16.808597564697266,Task.No1,Staff.No54,0.02015031687915325
KPI.No2,16.808597564697266,Task.No1,Staff.No55,0.012729154899716377
KPI.No2,16.808597564697266,Task.No1,Staff.No56,0.011279583908617496
KPI.No2,16.808597564697266,Task.No1,Staff.No57,0.019691497087478638
KPI.No2,16.808597564697266,Task.No1,Staff.No58,0.01956959441304207
KPI.No2,16.808597564697266,Task.No1,Staff.No59,0.013061199337244034
KPI.No2,16.808597564697266,Task.No1,Staff.No60,0.013242438435554504
KPI.No2,16.808597564697266,Task.No2,Staff.No1,0.011445282027125359
KPI.No2,16.808597564697266,Task.No2,Staff.No2,0.01280449889600277
KPI.No2,16.808597564697266,Task.No2,Staff.No3,0.022909168154001236
KPI.No2,16.808597564697266,Task.No2,Staff.No4,0.011741654016077518
KPI.No2,16.808597564697266,Task.No2,Staff.No5,0.012560257688164711
KPI.No2,16.808597564697266,Task.No2,Staff.No6,0.014783836901187897
KPI.No2,16.808597564697266,Task.No2,Staff.No7,0.023860078305006027
KPI.No2,16.808597564697266,Task.No2,Staff.No8,0.016271647065877914
KPI.No2,16.808597564697266,Task.No2,Staff.No9,0.01961580663919449
KPI.No2,16.808597564697266,Task.No2,Staff.No10,0.02069556713104248
KPI.No2,16.808597564697266,Task.No2,Staff.No11,0.018987011164426804
KPI.No2,16.808597564697266,Task.No2,Staff.No12,0.015034103766083717
KPI.No2,16.808597564697266,Task.No2,Staff.No13,0.018082227557897568
KPI.No2,16.808597564697266,Task.No2,Staff.No14,0.017176082357764244
KPI.No2,16.808597564697266,Task.No2,Staff.No15,0.01781298965215683
KPI.No2,16.808597564697266,Task.No2,Staff.No16,0.018553929403424263
KPI.No2,16.808597564697266,Task.No2,Staff.No17,0.026393139734864235
KPI.No2,16.808597564697266,Task.No2,Staff.No18,0.019208617508411407
KPI.No2,16.808597564697266,Task.No2,Staff.No19,0.02567106857895851
KPI.No2,16.808597564697266,Task.No2,Staff.No20,0.014075305312871933
KPI.No2,16.808597564697266,Task.No2,Staff.No21,0.018150873482227325
KPI.No2,16.808597564697266,Task.No2,Staff.No22,0.01999039202928543
KPI.No2,16.808597564697266,Task.No2,Staff.No23,0.020666098222136497
KPI.No2,16.808597564697266,Task.No2,Staff.No24,0.0103616239503026
KPI.No2,16.808597564697266,Task.No2,Staff.No25,0.01481315866112709
KPI.No2,16.808597564697266,Task.No2,Staff.No26,0.025264792144298553
KPI.No2,16.808597564697266,Task.No2,Staff.No27,0.017117373645305634
KPI.No2,16.808597564697266,Task.No2,Staff.No28,0.02011878229677677
KPI.No2,16.808597564697266,Task.No2,Staff.No29,0.02297772467136383
KPI.No2,16.808597564697266,Task.No2,Staff.No30,0.02373300865292549
KPI.No2,16.808597564697266,Task.No2,Staff.No31,0.016726257279515266
KPI.No2,16.808597564697266,Task.No2,Staff.No32,0.02704690396785736
KPI.No2,16.808597564697266,Task.No2,Staff.No33,0.019771520048379898
KPI.No2,16.808597564697266,Task.No2,Staff.No34,0.009731224738061428
KPI.No2,16.808597564697266,Task.No2,Staff.No35,0.01687862165272236
KPI.No2,16.808597564697266,Task.No2,Staff.No36,0.009827992878854275
KPI.No2,16.808597564697266,Task.No2,Staff.No37,0.0245855450630188
KPI.No2,16.808597564697266,Task.No2,Staff.No38,0.024508720263838768
KPI.No2,16.808597564697266,Task.No2,Staff.No39,0.009421021677553654
KPI.No2,16.808597564697266,Task.No2,Staff.No40,0.02108151838183403
KPI.No2,16.808597564697266,Task.No2,Staff.No41,0.016862496733665466
KPI.No2,16.808597564697266,Task.No2,Staff.No42,0.025773068889975548
KPI.No2,16.808597564697266,Task.No2,Staff.No43,0.010843471623957157
KPI.No2,16.808597564697266,Task.No2,Staff.No44,0.01065089926123619
KPI.No2,16.808597564697266,Task.No2,Staff.No45,0.009168194606900215
KPI.No2,16.808597564697266,Task.No2,Staff.No46,0.013513034209609032
KPI.No2,16.808597564697266,Task.No2,Staff.No47,0.024501247331500053
KPI.No2,16.808597564697266,Task.No2,Staff.No48,0.014668801799416542
KPI.No2,16.808597564697266,Task.No2,Staff.No49,0.01746872253715992
KPI.No2,16.808597564697266,Task.No2,Staff.No50,0.00887608714401722
KPI.No2,16.808597564697266,Task.No2,Staff.No51,0.014360303990542889
KPI.No2,16.808597564697266,Task.No2,Staff.No52,0.01599455438554287
KPI.No2,16.808597564697266,Task.No2,Staff.No53,0.014164077118039131
KPI.No2,16.808597564697266,Task.No2,Staff.No54,0.014126642607152462
KPI.No2,16.808597564697266,Task.No2,Staff.No55,0.023966213688254356
KPI.No2,16.808597564697266,Task.No2,Staff.No56,0.008805218152701855
KPI.No2,16.808597564697266,Task.No2,Staff.No57,0.0203155018389225
KPI.No2,16.808597564697266,Task.No2,Staff.No58,0.02279999479651451
KPI.No2,16.808597564697266,Task.No2,Staff.No59,0.010411899536848068
KPI.No2,16.808597564697266,Task.No2,Staff.No60,0.021446021273732185
KPI.No2,16.808597564697266,Task.No3,Staff.No1,0.0145530104637146
KPI.No2,16.808597564697266,Task.No3,Staff.No2,0.018746893852949142
KPI.No2,16.808597564697266,Task.No3,Staff.No3,0.014942100271582603
KPI.No2,16.808597564697266,Task.No3,Staff.No4,0.02431630901992321
KPI.No2,16.808597564697266,Task.No3,Staff.No5,0.026855003088712692
KPI.No2,16.808597564697266,Task.No3,Staff.No6,0.02444515749812126
KPI.No2,16.808597564697266,Task.No3,Staff.No7,0.008831013925373554
KPI.No2,16.808597564697266,Task.No3,Staff.No8,0.020503157749772072
KPI.No2,16.808597564697266,Task.No3,Staff.No9,0.02577083185315132
KPI.No2,16.808597564697266,Task.No3,Staff.No10,0.01953219436109066
KPI.No2,16.808597564697266,Task.No3,Staff.No11,0.021917525678873062
KPI.No2,16.808597564697266,Task.No3,Staff.No12,0.025175657123327255
KPI.No2,16.808597564697266,Task.No3,Staff.No13,0.016899349167943
KPI.No2,16.808597564697266,Task.No3,Staff.No14,0.025868985801935196
KPI.No2,16.808597564697266,Task.No3,Staff.No15,0.012707745656371117
KPI.No2,16.808597564697266,Task.No3,Staff.No16,0.024153780192136765
KPI.No2,16.808597564697266,Task.No3,Staff.No17,0.019853347912430763
KPI.No2,16.808597564697266,Task.No3,Staff.No18,0.017404384911060333
KPI.No2,16.808597564697266,Task.No3,Staff.No19,0.02730913832783699
KPI.No2,16.808597564697266,Task.No3,Staff.No20,0.02085805870592594
KPI.No2,16.808597564697266,Task.No3,Staff.No21,0.023344019427895546
KPI.No2,16.808597564697266,Task.No3,Staff.No22,0.013828884810209274
KPI.No2,16.808597564697266,Task.No3,Staff.No23,0.020219428464770317
KPI.No2,16.808597564697266,Task.No3,Staff.No24,0.016769172623753548
KPI.No2,16.808597564697266,Task.No3,Staff.No25,0.02223251387476921
KPI.No2,16.808597564697266,Task.No3,Staff.No26,0.01429708395153284
KPI.No2,16.808597564697266,Task.No3,Staff.No27,0.027252791449427605
KPI.No2,16.808597564697266,Task.No3,Staff.No28,0.020383290946483612
KPI.No2,16.808597564697266,Task.No3,Staff.No29,0.02436397410929203
KPI.No2,16.808597564697266,Task.No3,Staff.No30,0.02304884046316147
KPI.No2,16.808597564697266,Task.No3,Staff.No31,0.016939625144004822
KPI.No2,16.808597564697266,Task.No3,Staff.No32,0.021831564605236053
KPI.No2,16.808597564697266,Task.No3,Staff.No33,0.017086602747440338
KPI.No2,16.808597564697266,Task.No3,Staff.No34,0.015469569712877274
KPI.No2,16.808597564697266,Task.No3,Staff.No35,0.019252927973866463
KPI.No2,16.808597564697266,Task.No3,Staff.No36,0.020351313054561615
KPI.No2,16.808597564697266,Task.No3,Staff.No37,0.019173426553606987
KPI.No2,16.808597564697266,Task.No3,Staff.No38,0.014165123924612999
KPI.No2,16.808597564697266,Task.No3,Staff.No39,0.019451690837740898
KPI.No2,16.808597564697266,Task.No3,Staff.No40,0.024346718564629555
KPI.No2,16.808597564697266,Task.No3,Staff.No41,0.027133077383041382
KPI.No2,16.808597564697266,Task.No3,Staff.No42,0.020989056676626205
KPI.No2,16.808597564697266,Task.No3,Staff.No43,0.024211231619119644
KPI.No2,16.808597564697266,Task.No3,Staff.No44,0.015895875170826912
KPI.No2,16.808597564697266,Task.No3,Staff.No45,0.019943106919527054
KPI.No2,16.808597564697266,Task.No3,Staff.No46,0.02309984154999256
KPI.No2,16.808597564697266,Task.No3,Staff.No47,0.019426625221967697
KPI.No2,16.808597564697266,Task.No3,Staff.No48,0.025776509195566177
KPI.No2,16.808597564697266,Task.No3,Staff.No49,0.019064148887991905
KPI.No2,16.808597564697266,Task.No3,Staff.No50,0.024838341400027275
KPI.No2,16.808597564697266,Task.No3,Staff.No51,0.026136744767427444
KPI.No2,16.808597564697266,Task.No3,Staff.No52,0.023413166403770447
KPI.No2,16.808597564697266,Task.No3,Staff.No53,0.024949321523308754
KPI.No2,16.808597564697266,Task.No3,Staff.No54,0.01707320474088192
KPI.No2,16.808597564697266,Task.No3,Staff.No55,0.023034382611513138
KPI.No2,16.808597564697266,Task.No3,Staff.No56,0.02475152164697647
KPI.No2,16.808597564697266,Task.No3,Staff.No57,0.027780095115303993
KPI.No2,16.808597564697266,Task.No3,Staff.No58,0.01798873208463192
KPI.No2,16.808597564697266,Task.No3,Staff.No59,0.02029116079211235
KPI.No2,16.808597564697266,Task.No3,Staff.No60,0.02550496533513069
KPI.No3,16.808597564697266,Task.No1,Staff.No1,0.0246563907712698
KPI.No3,16.808597564697266,Task.No1,Staff.No2,0.012007861398160458
KPI.No3,16.808597564697266,Task.No1,Staff.No3,0.01487726904451847
KPI.No3,16.808597564697266,Task.No1,Staff.No4,0.020227214321494102
KPI.No3,16.808597564697266,Task.No1,Staff.No5,0.02504005841910839
KPI.No3,16.808597564697266,Task.No1,Staff.No6,0.012579195201396942
KPI.No3,16.808597564697266,Task.No1,Staff.No7,0.01708170212805271
KPI.No3,16.808597564697266,Task.No1,Staff.No8,0.02615218237042427
KPI.No3,16.808597564697266,Task.No1,Staff.No9,0.020986028015613556
KPI.No3,16.808597564697266,Task.No1,Staff.No10,0.01642066054046154
KPI.No3,16.808597564697266,Task.No1,Staff.No11,0.02050533890724182
KPI.No3,16.808597564697266,Task.No1,Staff.No12,0.006946071516722441
KPI.No3,16.808597564697266,Task.No1,Staff.No13,0.009088948369026184
KPI.No3,16.808597564697266,Task.No1,Staff.No14,0.023225851356983185
KPI.No3,16.808597564697266,Task.No1,Staff.No15,0.017357248812913895
KPI.No3,16.808597564697266,Task.No1,Staff.No16,0.024533145129680634
KPI.No3,16.808597564697266,Task.No1,Staff.No17,0.01376106683164835
KPI.No3,16.808597564697266,Task.No1,Staff.No18,0.01611332595348358
KPI.No3,16.808597564697266,Task.No1,Staff.No19,0.009651039727032185
KPI.No3,16.808597564697266,Task.No1,Staff.No20,0.025738727301359177
KPI.No3,16.808597564697266,Task.No1,Staff.No21,0.025511913001537323
KPI.No3,16.808597564697266,Task.No1,Staff.No22,0.020921578630805016
KPI.No3,16.808597564697266,Task.No1,Staff.No23,0.01775318756699562
KPI.No3,16.808597564697266,Task.No1,Staff.No24,0.01634138450026512
KPI.No3,16.808597564697266,Task.No1,Staff.No25,0.02109319530427456
KPI.No3,16.808597564697266,Task.No1,Staff.No26,0.013596327975392342
KPI.No3,16.808597564697266,Task.No1,Staff.No27,0.01491717528551817
KPI.No3,16.808597564697266,Task.No1,Staff.No28,0.012118354439735413
KPI.No3,16.808597564697266,Task.No1,Staff.No29,0.011212702840566635
KPI.No3,16.808597564697266,Task.No1,Staff.No30,0.020183362066745758
KPI.No3,16.808597564697266,Task.No1,Staff.No31,0.02774907648563385
KPI.No3,16.808597564697266,Task.No1,Staff.No32,0.012854199856519699
KPI.No3,16.808597564697266,Task.No1,Staff.No33,0.014461744576692581
KPI.No3,16.808597564697266,Task.No1,Staff.No34,0.009160680696368217
KPI.No3,16.808597564697266,Task.No1,Staff.No35,0.012818897143006325
KPI.No3,16.808597564697266,Task.No1,Staff.No36,0.00851341150701046
KPI.No3,16.808597564697266,Task.No1,Staff.No37,0.025507275015115738
KPI.No3,16.808597564697266,Task.No1,Staff.No38,0.016874885186553
KPI.No3,16.808597564697266,Task.No1,Staff.No39,0.014944075606763363
KPI.No3,16.808597564697266,Task.No1,Staff.No40,0.024140560999512672
KPI.No3,16.808597564697266,Task.No1,Staff.No41,0.008002730086445808
KPI.No3,16.808597564697266,Task.No1,Staff.No42,0.016407104209065437
KPI.No3,16.808597564697266,Task.No1,Staff.No43,0.012282460927963257
KPI.No3,16.808597564697266,Task.No1,Staff.No44,0.025939375162124634
KPI.No3,16.808597564697266,Task.No1,Staff.No45,0.013220399618148804
KPI.No3,16.808597564697266,Task.No1,Staff.No46,0.02077225223183632
KPI.No3,16.808597564697266,Task.No1,Staff.No47,0.021864518523216248
KPI.No3,16.808597564697266,Task.No1,Staff.No48,0.019420238211750984
KPI.No3,16.808597564697266,Task.No1,Staff.No49,0.025230005383491516
KPI.No3,16.808597564697266,Task.No1,Staff.No50,0.01039502490311861
KPI.No3,16.808597564697266,Task.No1,Staff.No51,0.020575137808918953
KPI.No3,16.808597564697266,Task.No1,Staff.No52,0.009836338460445404
KPI.No3,16.808597564697266,Task.No1,Staff.No53,0.014292610809206963
KPI.No3,16.808597564697266,Task.No1,Staff.No54,0.024990765377879143
KPI.No3,16.808597564697266,Task.No1,Staff.No55,0.01222481019794941
KPI.No3,16.808597564697266,Task.No1,Staff.No56,0.023274153470993042
KPI.No3,16.808597564697266,Task.No1,Staff.No57,0.022322744131088257
KPI.No3,16.808597564697266,Task.No1,Staff.No58,0.02185949869453907
KPI.No3,16.808597564697266,Task.No1,Staff.No59,0.02211305871605873
KPI.No3,16.808597564697266,Task.No1,Staff.No60,0.016989244148135185
KPI.No3,16.808597564697266,Task.No2,Staff.No1,0.023798799142241478
KPI.No3,16.808597564697266,Task.No2,Staff.No2,0.020240705460309982
KPI.No3,16.808597564697266,Task.No2,Staff.No3,0.01221441850066185
KPI.No3,16.808597564697266,Task.No2,Staff.No4,0.027420593425631523
KPI.No3,16.808597564697266,Task.No2,Staff.No5,0.008984904736280441
KPI.No3,16.808597564697266,Task.No2,Staff.No6,0.02577558532357216
KPI.No3,16.808597564697266,Task.No2,Staff.No7,0.022499559447169304
KPI.No3,16.808597564697266,Task.No2,Staff.No8,0.017415184527635574
KPI.No3,16.808597564697266,Task.No2,Staff.No9,0.022371746599674225
KPI.No3,16.808597564697266,Task.No2,Staff.No10,0.010727742686867714
KPI.No3,16.808597564697266,Task.No2,Staff.No11,0.017929447814822197
KPI.No3,16.808597564697266,Task.No2,Staff.No12,0.01780005916953087
KPI.No3,16.808597564697266,Task.No2,Staff.No13,0.018925301730632782
KPI.No3,16.808597564697266,Task.No2,Staff.No14,0.026862263679504395
KPI.No3,16.808597564697266,Task.No2,Staff.No15,0.026337072253227234
KPI.No3,16.808597564697266,Task.No2,Staff.No16,0.017117492854595184
KPI.No3,16.808597564697266,Task.No2,Staff.No17,0.021264873445034027
KPI.No3,16.808597564697266,Task.No2,Staff.No18,0.010752917267382145
KPI.No3,16.808597564697266,Task.No2,Staff.No19,0.020922277122735977
KPI.No3,16.808597564697266,Task.No2,Staff.No20,0.018857810646295547
KPI.No3,16.808597564697266,Task.No2,Staff.No21,0.016895243898034096
KPI.No3,16.808597564697266,Task.No2,Staff.No22,0.019945690408349037
KPI.No3,16.808597564697266,Task.No2,Staff.No23,0.01828193850815296
KPI.No3,16.808597564697266,Task.No2,Staff.No24,0.022059205919504166
KPI.No3,16.808597564697266,Task.No2,Staff.No25,0.0279485285282135
KPI.No3,16.808597564697266,Task.No2,Staff.No26,0.016779297962784767
KPI.No3,16.808597564697266,Task.No2,Staff.No27,0.024144640192389488
KPI.No3,16.808597564697266,Task.No2,Staff.No28,0.009500748477876186
KPI.No3,16.808597564697266,Task.No2,Staff.No29,0.02744550257921219
KPI.No3,16.808597564697266,Task.No2,Staff.No30,0.010484674014151096
KPI.No3,16.808597564697266,Task.No2,Staff.No31,0.021577013656497
KPI.No3,16.808597564697266,Task.No2,Staff.No32,0.015038346871733665
KPI.No3,16.808597564697266,Task.No2,Staff.No33,0.015998147428035736
KPI.No3,16.808597564697266,Task.No2,Staff.No34,0.011132325977087021
KPI.No3,16.808597564697266,Task.No2,Staff.No35,0.015372310765087605
KPI.No3,16.808597564697266,Task.No2,Staff.No36,0.015245028771460056
KPI.No3,16.808597564697266,Task.No2,Staff.No37,0.01279602199792862
KPI.No3,16.808597564697266,Task.No2,Staff.No38,0.023314479738473892
KPI.No3,16.808597564697266,Task.No2,Staff.No39,0.012084536254405975
KPI.No3,16.808597564697266,Task.No2,Staff.No40,0.022637058049440384
KPI.No3,16.808597564697266,Task.No2,Staff.No41,0.008150181733071804
KPI.No3,16.808597564697266,Task.No2,Staff.No42,0.020756756886839867
KPI.No3,16.808597564697266,Task.No2,Staff.No43,0.01770109497010708
KPI.No3,16.808597564697266,Task.No2,Staff.No44,0.014689207077026367
KPI.No3,16.808597564697266,Task.No2,Staff.No45,0.014633707702159882
KPI.No3,16.808597564697266,Task.No2,Staff.No46,0.02326102741062641
KPI.No3,16.808597564697266,Task.No2,Staff.No47,0.02461971528828144
KPI.No3,16.808597564697266,Task.No2,Staff.No48,0.014606242068111897
KPI.No3,16.808597564697266,Task.No2,Staff.No49,0.01350674033164978
KPI.No3,16.808597564697266,Task.No2,Staff.No50,0.018134139478206635
KPI.No3,16.808597564697266,Task.No2,Staff.No51,0.02246861159801483
KPI.No3,16.808597564697266,Task.No2,Staff.No52,0.016172420233488083
KPI.No3,16.808597564697266,Task.No2,Staff.No53,0.011126501485705376
KPI.No3,16.808597564697266,Task.No2,Staff.No54,0.02438902109861374
KPI.No3,16.808597564697266,Task.No2,Staff.No55,0.013538254424929619
KPI.No3,16.808597564697266,Task.No2,Staff.No56,0.01639256253838539
KPI.No3,16.808597564697266,Task.No2,Staff.No57,0.01049462053924799
KPI.No3,16.808597564697266,Task.No2,Staff.No58,0.018481949344277382
KPI.No3,16.808597564697266,Task.No2,Staff.No59,0.019050225615501404
KPI.No3,16.808597564697266,Task.No2,Staff.No60,0.013444962911307812
KPI.No3,16.808597564697266,Task.No3,Staff.No1,0.0271749347448349
KPI.No3,16.808597564697266,Task.No3,Staff.No2,0.022917747497558594
KPI.No3,16.808597564697266,Task.No3,Staff.No3,0.015470637008547783
KPI.No3,16.808597564697266,Task.No3,Staff.No4,0.015351676382124424
KPI.No3,16.808597564697266,Task.No3,Staff.No5,0.02221134677529335
KPI.No3,16.808597564697266,Task.No3,Staff.No6,0.017400361597537994
KPI.No3,16.808597564697266,Task.No3,Staff.No7,0.027052555233240128
KPI.No3,16.808597564697266,Task.No3,Staff.No8,0.02768658846616745
KPI.No3,16.808597564697266,Task.No3,Staff.No9,0.022360412403941154
KPI.No3,16.808597564697266,Task.No3,Staff.No10,0.021870456635951996
KPI.No3,16.808597564697266,Task.No3,Staff.No11,0.02577212266623974
KPI.No3,16.808597564697266,Task.No3,Staff.No12,0.014556506648659706
KPI.No3,16.808597564697266,Task.No3,Staff.No13,0.02330789342522621
KPI.No3,16.808597564697266,Task.No3,Staff.No14,0.01360158808529377
KPI.No3,16.808597564697266,Task.No3,Staff.No15,0.016382494941353798
KPI.No3,16.808597564697266,Task.No3,Staff.No16,0.014788455329835415
KPI.No3,16.808597564697266,Task.No3,Staff.No17,0.01766463741660118
KPI.No3,16.808597564697266,Task.No3,Staff.No18,0.025403404608368874
KPI.No3,16.808597564697266,Task.No3,Staff.No19,0.01557201985269785
KPI.No3,16.808597564697266,Task.No3,Staff.No20,0.018303487449884415
KPI.No3,16.808597564697266,Task.No3,Staff.No21,0.02281104400753975
KPI.No3,16.808597564697266,Task.No3,Staff.No22,0.022857345640659332
KPI.No3,16.808597564697266,Task.No3,Staff.No23,0.013164477422833443
KPI.No3,16.808597564697266,Task.No3,Staff.No24,0.023910878226161003
KPI.No3,16.808597564697266,Task.No3,Staff.No25,0.01613006182014942
KPI.No3,16.808597564697266,Task.No3,Staff.No26,0.02163873054087162
KPI.No3,16.808597564697266,Task.No3,Staff.No27,0.01002560555934906
KPI.No3,16.808597564697266,Task.No3,Staff.No28,0.020480148494243622
KPI.No3,16.808597564697266,Task.No3,Staff.No29,0.023127179592847824
KPI.No3,16.808597564697266,Task.No3,Staff.No30,0.022631332278251648
KPI.No3,16.808597564697266,Task.No3,Staff.No31,0.02142234332859516
KPI.No3,16.808597564697266,Task.No3,Staff.No32,0.02501196227967739
KPI.No3,16.808597564697266,Task.No3,Staff.No33,0.02423061989247799
KPI.No3,16.808597564697266,Task.No3,Staff.No34,0.023932425305247307
KPI.No3,16.808597564697266,Task.No3,Staff.No35,0.022852512076497078
KPI.No3,16.808597564697266,Task.No3,Staff.No36,0.02088336832821369
KPI.No3,16.808597564697266,Task.No3,Staff.No37,0.015584351494908333
KPI.No3,16.808597564697266,Task.No3,Staff.No38,0.018591804429888725
KPI.No3,16.808597564697266,Task.No3,Staff.No39,0.019969187676906586
KPI.No3,16.808597564697266,Task.No3,Staff.No40,0.026784880086779594
KPI.No3,16.808597564697266,Task.No3,Staff.No41,0.018558096140623093
KPI.No3,16.808597564697266,Task.No3,Staff.No42,0.014998828992247581
KPI.No3,16.808597564697266,Task.No3,Staff.No43,0.02412129007279873
KPI.No3,16.808597564697266,Task.No3,Staff.No44,0.018754132091999054
KPI.No3,16.808597564697266,Task.No3,Staff.No45,0.019003501161932945
KPI.No3,16.808597564697266,Task.No3,Staff.No46,0.02224513329565525
KPI.No3,16.808597564697266,Task.No3,Staff.No47,0.014161483384668827
KPI.No3,16.808597564697266,Task.No3,Staff.No48,0.02557230368256569
KPI.No3,16.808597564697266,Task.No3,Staff.No49,0.025825735181570053
KPI.No3,16.808597564697266,Task.No3,Staff.No50,0.02812083438038826
KPI.No3,16.808597564697266,Task.No3,Staff.No51,0.018320143222808838
KPI.No3,16.808597564697266,Task.No3,Staff.No52,0.027096696197986603
KPI.No3,16.808597564697266,Task.No3,Staff.No53,0.019341211766004562
KPI.No3,16.808597564697266,Task.No3,Staff.No54,0.023379821330308914
KPI.No3,16.808597564697266,Task.No3,Staff.No55,0.027508974075317383
KPI.No3,16.808597564697266,Task.No3,Staff.No56,0.028038568794727325
KPI.No3,16.808597564697266,Task.No3,Staff.No57,0.021654078736901283
KPI.No3,16.808597564697266,Task.No3,Staff.No58,0.02614114247262478
KPI.No3,16.808597564697266,Task.No3,Staff.No59,0.02804151177406311
KPI.No3,16.808597564697266,Task.No3,Staff.No60,0.024641111493110657
KPI.No4,16.808597564697266,Task.No1,Staff.No1,0.022084195166826248
KPI.No4,16.808597564697266,Task.No1,Staff.No2,0.015042788349092007
KPI.No4,16.808597564697266,Task.No1,Staff.No3,0.01901884935796261
KPI.No4,16.808597564697266,Task.No1,Staff.No4,0.02022360824048519
KPI.No4,16.808597564697266,Task.No1,Staff.No5,0.018131788820028305
KPI.No4,16.808597564697266,Task.No1,Staff.No6,0.01186428777873516
KPI.No4,16.808597564697266,Task.No1,Staff.No7,0.007245281711220741
KPI.No4,16.808597564697266,Task.No1,Staff.No8,0.023007437586784363
KPI.No4,16.808597564697266,Task.No1,Staff.No9,0.015550637617707253
KPI.No4,16.808597564697266,Task.No1,Staff.No10,0.02145376428961754
KPI.No4,16.808597564697266,Task.No1,Staff.No11,0.011126291006803513
KPI.No4,16.808597564697266,Task.No1,Staff.No12,0.027163879945874214
KPI.No4,16.808597564697266,Task.No1,Staff.No13,0.021135516464710236
KPI.No4,16.808597564697266,Task.No1,Staff.No14,0.017960505560040474
KPI.No4,16.808597564697266,Task.No1,Staff.No15,0.02168199233710766
KPI.No4,16.808597564697266,Task.No1,Staff.No16,0.02506895363330841
KPI.No4,16.808597564697266,Task.No1,Staff.No17,0.01242191530764103
KPI.No4,16.808597564697266,Task.No1,Staff.No18,0.01361378375440836
KPI.No4,16.808597564697266,Task.No1,Staff.No19,0.025672152638435364
KPI.No4,16.808597564697266,Task.No1,Staff.No20,0.019118228927254677
KPI.No4,16.808597564697266,Task.No1,Staff.No21,0.0075058722868561745
KPI.No4,16.808597564697266,Task.No1,Staff.No22,0.009707598015666008
KPI.No4,16.808597564697266,Task.No1,Staff.No23,0.011155519634485245
KPI.No4,16.808597564697266,Task.No1,Staff.No24,0.01974738948047161
KPI.No4,16.808597564697266,Task.No1,Staff.No25,0.012956138700246811
KPI.No4,16.808597564697266,Task.No1,Staff.No26,0.012839499861001968
KPI.No4,16.808597564697266,Task.No1,Staff.No27,0.01525467075407505
KPI.No4,16.808597564697266,Task.No1,Staff.No28,0.024995500221848488
KPI.No4,16.808597564697266,Task.No1,Staff.No29,0.012648092582821846
KPI.No4,16.808597564697266,Task.No1,Staff.No30,0.008960830979049206
KPI.No4,16.808597564697266,Task.No1,Staff.No31,0.017281729727983475
KPI.No4,16.808597564697266,Task.No1,Staff.No32,0.015517858788371086
KPI.No4,16.808597564697266,Task.No1,Staff.No33,0.02406865917146206
KPI.No4,16.808597564697266,Task.No1,Staff.No34,0.017442379146814346
KPI.No4,16.808597564697266,Task.No1,Staff.No35,0.011623669415712357
KPI.No4,16.808597564697266,Task.No1,Staff.No36,0.012157335877418518
KPI.No4,16.808597564697266,Task.No1,Staff.No37,0.019628137350082397
KPI.No4,16.808597564697266,Task.No1,Staff.No38,0.024954169988632202
KPI.No4,16.808597564697266,Task.No1,Staff.No39,0.011856785975396633
KPI.No4,16.808597564697266,Task.No1,Staff.No40,0.015465259552001953
KPI.No4,16.808597564697266,Task.No1,Staff.No41,0.01647813618183136
KPI.No4,16.808597564697266,Task.No1,Staff.No42,0.015821050852537155
KPI.No4,16.808597564697266,Task.No1,Staff.No43,0.017345240339636803
KPI.No4,16.808597564697266,Task.No1,Staff.No44,0.016642356291413307
KPI.No4,16.808597564697266,Task.No1,Staff.No45,0.01052834838628769
KPI.No4,16.808597564697266,Task.No1,Staff.No46,0.012944193556904793
KPI.No4,16.808597564697266,Task.No1,Staff.No47,0.025561925023794174
KPI.No4,16.808597564697266,Task.No1,Staff.No48,0.024102961644530296
KPI.No4,16.808597564697266,Task.No1,Staff.No49,0.010128502734005451
KPI.No4,16.808597564697266,Task.No1,Staff.No50,0.012378593906760216
KPI.No4,16.808597564697266,Task.No1,Staff.No51,0.018061740323901176
KPI.No4,16.808597564697266,Task.No1,Staff.No52,0.01840481348335743
KPI.No4,16.808597564697266,Task.No1,Staff.No53,0.024261584505438805
KPI.No4,16.808597564697266,Task.No1,Staff.No54,0.008039900101721287
KPI.No4,16.808597564697266,Task.No1,Staff.No55,0.026896215975284576
KPI.No4,16.808597564697266,Task.No1,Staff.No56,0.007344487588852644
KPI.No4,16.808597564697266,Task.No1,Staff.No57,0.02567017823457718
KPI.No4,16.808597564697266,Task.No1,Staff.No58,0.020074931904673576
KPI.No4,16.808597564697266,Task.No1,Staff.No59,0.014950534328818321
KPI.No4,16.808597564697266,Task.No1,Staff.No60,0.013026859611272812
KPI.No4,16.808597564697266,Task.No2,Staff.No1,0.019814886152744293
KPI.No4,16.808597564697266,Task.No2,Staff.No2,0.019709814339876175
KPI.No4,16.808597564697266,Task.No2,Staff.No3,0.018336430191993713
KPI.No4,16.808597564697266,Task.No2,Staff.No4,0.01331999059766531
KPI.No4,16.808597564697266,Task.No2,Staff.No5,0.00926897581666708
KPI.No4,16.808597564697266,Task.No2,Staff.No6,0.012664955109357834
KPI.No4,16.808597564697266,Task.No2,Staff.No7,0.013194477185606956
KPI.No4,16.808597564697266,Task.No2,Staff.No8,0.023101922124624252
KPI.No4,16.808597564697266,Task.No2,Staff.No9,0.022007381543517113
KPI.No4,16.808597564697266,Task.No2,Staff.No10,0.011355597525835037
KPI.No4,16.808597564697266,Task.No2,Staff.No11,0.010823385789990425
KPI.No4,16.808597564697266,Task.No2,Staff.No12,0.02192000113427639
KPI.No4,16.808597564697266,Task.No2,Staff.No13,0.010538218542933464
KPI.No4,16.808597564697266,Task.No2,Staff.No14,0.01829722337424755
KPI.No4,16.808597564697266,Task.No2,Staff.No15,0.016280977055430412
KPI.No4,16.808597564697266,Task.No2,Staff.No16,0.019252240657806396
KPI.No4,16.808597564697266,Task.No2,Staff.No17,0.008467985317111015
KPI.No4,16.808597564697266,Task.No2,Staff.No18,0.02610311657190323
KPI.No4,16.808597564697266,Task.No2,Staff.No19,0.01726783998310566
KPI.No4,16.808597564697266,Task.No2,Staff.No20,0.01123803947120905
KPI.No4,16.808597564697266,Task.No2,Staff.No21,0.018082458525896072
KPI.No4,16.808597564697266,Task.No2,Staff.No22,0.013282711617648602
KPI.No4,16.808597564697266,Task.No2,Staff.No23,0.009338807314634323
KPI.No4,16.808597564697266,Task.No2,Staff.No24,0.02026306837797165
KPI.No4,16.808597564697266,Task.No2,Staff.No25,0.016194380819797516
KPI.No4,16.808597564697266,Task.No2,Staff.No26,0.025359753519296646
KPI.No4,16.808597564697266,Task.No2,Staff.No27,0.014721308834850788
KPI.No4,16.808597564697266,Task.No2,Staff.No28,0.02648814581334591
KPI.No4,16.808597564697266,Task.No2,Staff.No29,0.011234007775783539
KPI.No4,16.808597564697266,Task.No2,Staff.No30,0.02564815990626812
KPI.No4,16.808597564697266,Task.No2,Staff.No31,0.014369271695613861
KPI.No4,16.808597564697266,Task.No2,Staff.No32,0.022576166316866875
KPI.No4,16.808597564697266,Task.No2,Staff.No33,0.007858927361667156
KPI.No4,16.808597564697266,Task.No2,Staff.No34,0.010988166555762291
KPI.No4,16.808597564697266,Task.No2,Staff.No35,0.01906410977244377
KPI.No4,16.808597564697266,Task.No2,Staff.No36,0.009001078084111214
KPI.No4,16.808597564697266,Task.No2,Staff.No37,0.013946034014225006
KPI.No4,16.808597564697266,Task.No2,Staff.No38,0.026646669954061508
KPI.No4,16.808597564697266,Task.No2,Staff.No39,0.009523910470306873
KPI.No4,16.808597564697266,Task.No2,Staff.No40,0.014512022025883198
KPI.No4,16.808597564697266,Task.No2,Staff.No41,0.013593226671218872
KPI.No4,16.808597564697266,Task.No2,Staff.No42,0.019212663173675537
KPI.No4,16.808597564697266,Task.No2,Staff.No43,0.024851659312844276
KPI.No4,16.808597564697266,Task.No2,Staff.No44,0.02294294163584709
KPI.No4,16.808597564697266,Task.No2,Staff.No45,0.019281309098005295
KPI.No4,16.808597564697266,Task.No2,Staff.No46,0.018377253785729408
KPI.No4,16.808597564697266,Task.No2,Staff.No47,0.015810832381248474
KPI.No4,16.808597564697266,Task.No2,Staff.No48,0.013453331775963306
KPI.No4,16.808597564697266,Task.No2,Staff.No49,0.01856835000216961
KPI.No4,16.808597564697266,Task.No2,Staff.No50,0.017272204160690308
KPI.No4,16.808597564697266,Task.No2,Staff.No51,0.0109691321849823
KPI.No4,16.808597564697266,Task.No2,Staff.No52,0.014843548648059368
KPI.No4,16.808597564697266,Task.No2,Staff.No53,0.007157837972044945
KPI.No4,16.808597564697266,Task.No2,Staff.No54,0.019732443615794182
KPI.No4,16.808597564697266,Task.No2,Staff.No55,0.019997267052531242
KPI.No4,16.808597564697266,Task.No2,Staff.No56,0.014310094527900219
KPI.No4,16.808597564697266,Task.No2,Staff.No57,0.02255099266767502
KPI.No4,16.808597564697266,Task.No2,Staff.No58,0.02184319868683815
KPI.No4,16.808597564697266,Task.No2,Staff.No59,0.02513248473405838
KPI.No4,16.808597564697266,Task.No2,Staff.No60,0.012500951997935772
KPI.No4,16.808597564697266,Task.No3,Staff.No1,0.026114244014024734
KPI.No4,16.808597564697266,Task.No3,Staff.No2,0.01644272729754448
KPI.No4,16.808597564697266,Task.No3,Staff.No3,0.020413724705576897
KPI.No4,16.808597564697266,Task.No3,Staff.No4,0.022534050047397614
KPI.No4,16.808597564697266,Task.No3,Staff.No5,0.025672897696495056
KPI.No4,16.808597564697266,Task.No3,Staff.No6,0.02049943432211876
KPI.No4,16.808597564697266,Task.No3,Staff.No7,0.022879499942064285
KPI.No4,16.808597564697266,Task.No3,Staff.No8,0.016780488193035126
KPI.No4,16.808597564697266,Task.No3,Staff.No9,0.020201418548822403
KPI.No4,16.808597564697266,Task.No3,Staff.No10,0.023261062800884247
KPI.No4,16.808597564697266,Task.No3,Staff.No11,0.016392838209867477
KPI.No4,16.808597564697266,Task.No3,Staff.No12,0.024947112426161766
KPI.No4,16.808597564697266,Task.No3,Staff.No13,0.02129962295293808
KPI.No4,16.808597564697266,Task.No3,Staff.No14,0.02760099433362484
KPI.No4,16.808597564697266,Task.No3,Staff.No15,0.022030167281627655
KPI.No4,16.808597564697266,Task.No3,Staff.No16,0.019271396100521088
KPI.No4,16.808597564697266,Task.No3,Staff.No17,0.027409859001636505
KPI.No4,16.808597564697266,Task.No3,Staff.No18,0.02145739085972309
KPI.No4,16.808597564697266,Task.No3,Staff.No19,0.025723634287714958
KPI.No4,16.808597564697266,Task.No3,Staff.No20,0.027350187301635742
KPI.No4,16.808597564697266,Task.No3,Staff.No21,0.017802922055125237
KPI.No4,16.808597564697266,Task.No3,Staff.No22,0.017295535653829575
KPI.No4,16.808597564697266,Task.No3,Staff.No23,0.027939625084400177
KPI.No4,16.808597564697266,Task.No3,Staff.No24,0.027058104053139687
KPI.No4,16.808597564697266,Task.No3,Staff.No25,0.023425273597240448
KPI.No4,16.808597564697266,Task.No3,Staff.No26,0.02793227508664131
KPI.No4,16.808597564697266,Task.No3,Staff.No27,0.02540038898587227
KPI.No4,16.808597564697266,Task.No3,Staff.No28,0.02798309735953808
KPI.No4,16.808597564697266,Task.No3,Staff.No29,0.0235106460750103
KPI.No4,16.808597564697266,Task.No3,Staff.No30,0.022782934829592705
KPI.No4,16.808597564697266,Task.No3,Staff.No31,0.02772028185427189
KPI.No4,16.808597564697266,Task.No3,Staff.No32,0.02346513792872429
KPI.No4,16.808597564697266,Task.No3,Staff.No33,0.023581048473715782
KPI.No4,16.808597564697266,Task.No3,Staff.No34,0.020478157326579094
KPI.No4,16.808597564697266,Task.No3,Staff.No35,0.021357038989663124
KPI.No4,16.808597564697266,Task.No3,Staff.No36,0.01370906736701727
KPI.No4,16.808597564697266,Task.No3,Staff.No37,0.023962605744600296
KPI.No4,16.808597564697266,Task.No3,Staff.No38,0.015577949583530426
KPI.No4,16.808597564697266,Task.No3,Staff.No39,0.027036162093281746
KPI.No4,16.808597564697266,Task.No3,Staff.No40,0.017681604251265526
KPI.No4,16.808597564697266,Task.No3,Staff.No41,0.022883709520101547
KPI.No4,16.808597564697266,Task.No3,Staff.No42,0.024322737008333206
KPI.No4,16.808597564697266,Task.No3,Staff.No43,0.027713866904377937
KPI.No4,16.808597564697266,Task.No3,Staff.No44,0.020642288029193878
KPI.No4,16.808597564697266,Task.No3,Staff.No45,0.025996092706918716
KPI.No4,16.808597564697266,Task.No3,Staff.No46,0.016883572563529015
KPI.No4,16.808597564697266,Task.No3,Staff.No47,0.023267367854714394
KPI.No4,16.808597564697266,Task.No3,Staff.No48,0.026652276515960693
KPI.No4,16.808597564697266,Task.No3,Staff.No49,0.014981397427618504
KPI.No4,16.808597564697266,Task.No3,Staff.No50,0.01874195598065853
KPI.No4,16.808597564697266,Task.No3,Staff.No51,0.014192348346114159
KPI.No4,16.808597564697266,Task.No3,Staff.No52,0.023493848741054535
KPI.No4,16.808597564697266,Task.No3,Staff.No53,0.026737727224826813
KPI.No4,16.808597564697266,Task.No3,Staff.No54,0.013274474069476128
KPI.No4,16.808597564697266,Task.No3,Staff.No55,0.024554673582315445
KPI.No4,16.808597564697266,Task.No3,Staff.No56,0.024553969502449036
KPI.No4,16.808597564697266,Task.No3,Staff.No57,0.015291061252355576
KPI.No4,16.808597564697266,Task.No3,Staff.No58,0.02130749076604843
KPI.No4,16.808597564697266,Task.No3,Staff.No59,0.02199621871113777
KPI.No4,16.808597564697266,Task.No3,Staff.No60,0.0196218304336071
KPI.No5,16.808597564697266,Task.No1,Staff.No1,0.008681323379278183
KPI.No5,16.808597564697266,Task.No1,Staff.No2,0.012736799195408821
KPI.No5,16.808597564697266,Task.No1,Staff.No3,0.007472915109246969
KPI.No5,16.808597564697266,Task.No1,Staff.No4,0.01567080058157444
KPI.No5,16.808597564697266,Task.No1,Staff.No5,0.02141888067126274
KPI.No5,16.808597564697266,Task.No1,Staff.No6,0.01701251044869423
KPI.No5,16.808597564697266,Task.No1,Staff.No7,0.01985827647149563
KPI.No5,16.808597564697266,Task.No1,Staff.No8,0.013354805298149586
KPI.No5,16.808597564697266,Task.No1,Staff.No9,0.02548365481197834
KPI.No5,16.808597564697266,Task.No1,Staff.No10,0.024854307994246483
KPI.No5,16.808597564697266,Task.No1,Staff.No11,0.013859768398106098
KPI.No5,16.808597564697266,Task.No1,Staff.No12,0.02402643673121929
KPI.No5,16.808597564697266,Task.No1,Staff.No13,0.02226363867521286
KPI.No5,16.808597564697266,Task.No1,Staff.No14,0.024310972541570663
KPI.No5,16.808597564697266,Task.No1,Staff.No15,0.014872891828417778
KPI.No5,16.808597564697266,Task.No1,Staff.No16,0.02271372079849243
KPI.No5,16.808597564697266,Task.No1,Staff.No17,0.018777120858430862
KPI.No5,16.808597564697266,Task.No1,Staff.No18,0.026139501482248306
KPI.No5,16.808597564697266,Task.No1,Staff.No19,0.020008038729429245
KPI.No5,16.808597564697266,Task.No1,Staff.No20,0.009865820407867432
KPI.No5,16.808597564697266,Task.No1,Staff.No21,0.011543991044163704
KPI.No5,16.808597564697266,Task.No1,Staff.No22,0.0242110937833786
KPI.No5,16.808597564697266,Task.No1,Staff.No23,0.012119855731725693
KPI.No5,16.808597564697266,Task.No1,Staff.No24,0.012006962671875954
KPI.No5,16.808597564697266,Task.No1,Staff.No25,0.011307785287499428
KPI.No5,16.808597564697266,Task.No1,Staff.No26,0.020944466814398766
KPI.No5,16.808597564697266,Task.No1,Staff.No27,0.014851246029138565
KPI.No5,16.808597564697266,Task.No1,Staff.No28,0.020510315895080566
KPI.No5,16.808597564697266,Task.No1,Staff.No29,0.01887679100036621
KPI.No5,16.808597564697266,Task.No1,Staff.No30,0.010290433652698994
KPI.No5,16.808597564697266,Task.No1,Staff.No31,0.021430490538477898
KPI.No5,16.808597564697266,Task.No1,Staff.No32,0.021893750876188278
KPI.No5,16.808597564697266,Task.No1,Staff.No33,0.009784621186554432
KPI.No5,16.808597564697266,Task.No1,Staff.No34,0.014515390619635582
KPI.No5,16.808597564697266,Task.No1,Staff.No35,0.01915217936038971
KPI.No5,16.808597564697266,Task.No1,Staff.No36,0.021179204806685448
KPI.No5,16.808597564697266,Task.No1,Staff.No37,0.008456476964056492
KPI.No5,16.808597564697266,Task.No1,Staff.No38,0.020004315301775932
KPI.No5,16.808597564697266,Task.No1,Staff.No39,0.013550454750657082
KPI.No5,16.808597564697266,Task.No1,Staff.No40,0.021320760250091553
KPI.No5,16.808597564697266,Task.No1,Staff.No41,0.018956301733851433
KPI.No5,16.808597564697266,Task.No1,Staff.No42,0.018287887796759605
KPI.No5,16.808597564697266,Task.No1,Staff.No43,0.021480094641447067
KPI.No5,16.808597564697266,Task.No1,Staff.No44,0.011951243504881859
KPI.No5,16.808597564697266,Task.No1,Staff.No45,0.01949293538928032
KPI.No5,16.808597564697266,Task.No1,Staff.No46,0.02295779250562191
KPI.No5,16.808597564697266,Task.No1,Staff.No47,0.008256236091256142
KPI.No5,16.808597564697266,Task.No1,Staff.No48,0.022704746574163437
KPI.No5,16.808597564697266,Task.No1,Staff.No49,0.01976197399199009
KPI.No5,16.808597564697266,Task.No1,Staff.No50,0.011458110064268112
KPI.No5,16.808597564697266,Task.No1,Staff.No51,0.01969749666750431
KPI.No5,16.808597564697266,Task.No1,Staff.No52,0.013062335550785065
KPI.No5,16.808597564697266,Task.No1,Staff.No53,0.01738157868385315
KPI.No5,16.808597564697266,Task.No1,Staff.No54,0.012744762003421783
KPI.No5,16.808597564697266,Task.No1,Staff.No55,0.019962135702371597
KPI.No5,16.808597564697266,Task.No1,Staff.No56,0.025100741535425186
KPI.No5,16.808597564697266,Task.No1,Staff.No57,0.01189379207789898
KPI.No5,16.808597564697266,Task.No1,Staff.No58,0.015969928354024887
KPI.No5,16.808597564697266,Task.No1,Staff.No59,0.01981838047504425
KPI.No5,16.808597564697266,Task.No1,Staff.No60,0.018060535192489624
KPI.No5,16.808597564697266,Task.No2,Staff.No1,0.016541628167033195
KPI.No5,16.808597564697266,Task.No2,Staff.No2,0.02017984166741371
KPI.No5,16.808597564697266,Task.No2,Staff.No3,0.017180398106575012
KPI.No5,16.808597564697266,Task.No2,Staff.No4,0.010765891522169113
KPI.No5,16.808597564697266,Task.No2,Staff.No5,0.025652138516306877
KPI.No5,16.808597564697266,Task.No2,Staff.No6,0.02198956534266472
KPI.No5,16.808597564697266,Task.No2,Staff.No7,0.018949151039123535
KPI.No5,16.808597564697266,Task.No2,Staff.No8,0.025335753336548805
KPI.No5,16.808597564697266,Task.No2,Staff.No9,0.010551275685429573
KPI.No5,16.808597564697266,Task.No2,Staff.No10,0.01621103659272194
KPI.No5,16.808597564697266,Task.No2,Staff.No11,0.024953344836831093
KPI.No5,16.808597564697266,Task.No2,Staff.No12,0.008196303620934486
KPI.No5,16.808597564697266,Task.No2,Staff.No13,0.02193395048379898
KPI.No5,16.808597564697266,Task.No2,Staff.No14,0.017997361719608307
KPI.No5,16.808597564697266,Task.No2,Staff.No15,0.013979380019009113
KPI.No5,16.808597564697266,Task.No2,Staff.No16,0.011111970990896225
KPI.No5,16.808597564697266,Task.No2,Staff.No17,0.02400747872889042
KPI.No5,16.808597564697266,Task.No2,Staff.No18,0.015599113889038563
KPI.No5,16.808597564697266,Task.No2,Staff.No19,0.012134549207985401
KPI.No5,16.808597564697266,Task.No2,Staff.No20,0.022926419973373413
KPI.No5,16.808597564697266,Task.No2,Staff.No21,0.013031933456659317
KPI.No5,16.808597564697266,Task.No2,Staff.No22,0.021218225359916687
KPI.No5,16.808597564697266,Task.No2,Staff.No23,0.009653782472014427
KPI.No5,16.808597564697266,Task.No2,Staff.No24,0.01599700003862381
KPI.No5,16.808597564697266,Task.No2,Staff.No25,0.011170152574777603
KPI.No5,16.808597564697266,Task.No2,Staff.No26,0.014977504499256611
KPI.No5,16.808597564697266,Task.No2,Staff.No27,0.015041984617710114
KPI.No5,16.808597564697266,Task.No2,Staff.No28,0.014856073074042797
KPI.No5,16.808597564697266,Task.No2,Staff.No29,0.025387153029441833
KPI.No5,16.808597564697266,Task.No2,Staff.No30,0.018523361533880234
KPI.No5,16.808597564697266,Task.No2,Staff.No31,0.017624499276280403
KPI.No5,16.808597564697266,Task.No2,Staff.No32,0.020062921568751335
KPI.No5,16.808597564697266,Task.No2,Staff.No33,0.017707156017422676
KPI.No5,16.808597564697266,Task.No2,Staff.No34,0.014851570129394531
KPI.No5,16.808597564697266,Task.No2,Staff.No35,0.013255077414214611
KPI.No5,16.808597564697266,Task.No2,Staff.No36,0.02358168177306652
KPI.No5,16.808597564697266,Task.No2,Staff.No37,0.017997320741415024
KPI.No5,16.808597564697266,Task.No2,Staff.No38,0.01691591553390026
KPI.No5,16.808597564697266,Task.No2,Staff.No39,0.027794748544692993
KPI.No5,16.808597564697266,Task.No2,Staff.No40,0.016098644584417343
KPI.No5,16.808597564697266,Task.No2,Staff.No41,0.014595345593988895
KPI.No5,16.808597564697266,Task.No2,Staff.No42,0.027893833816051483
KPI.No5,16.808597564697266,Task.No2,Staff.No43,0.01665319688618183
KPI.No5,16.808597564697266,Task.No2,Staff.No44,0.023681778460741043
KPI.No5,16.808597564697266,Task.No2,Staff.No45,0.011725002899765968
KPI.No5,16.808597564697266,Task.No2,Staff.No46,0.014456365257501602
KPI.No5,16.808597564697266,Task.No2,Staff.No47,0.018752222880721092
KPI.No5,16.808597564697266,Task.No2,Staff.No48,0.01914052478969097
KPI.No5,16.808597564697266,Task.No2,Staff.No49,0.020778203383088112
KPI.No5,16.808597564697266,Task.No2,Staff.No50,0.021261751651763916
KPI.No5,16.808597564697266,Task.No2,Staff.No51,0.016779297962784767
KPI.No5,16.808597564697266,Task.No2,Staff.No52,0.013334053568542004
KPI.No5,16.808597564697266,Task.No2,Staff.No53,0.02033413015305996
KPI.No5,16.808597564697266,Task.No2,Staff.No54,0.015230733901262283
KPI.No5,16.808597564697266,Task.No2,Staff.No55,0.0132209537550807
KPI.No5,16.808597564697266,Task.No2,Staff.No56,0.026132117956876755
KPI.No5,16.808597564697266,Task.No2,Staff.No57,0.007585892919450998
KPI.No5,16.808597564697266,Task.No2,Staff.No58,0.018620502203702927
KPI.No5,16.808597564697266,Task.No2,Staff.No59,0.01787916198372841
KPI.No5,16.808597564697266,Task.No2,Staff.No60,0.017238203436136246
KPI.No5,16.808597564697266,Task.No3,Staff.No1,0.02335810661315918
KPI.No5,16.808597564697266,Task.No3,Staff.No2,0.022316310554742813
KPI.No5,16.808597564697266,Task.No3,Staff.No3,0.014847159385681152
KPI.No5,16.808597564697266,Task.No3,Staff.No4,0.023125793784856796
KPI.No5,16.808597564697266,Task.No3,Staff.No5,0.0227882768958807
KPI.No5,16.808597564697266,Task.No3,Staff.No6,0.024457231163978577
KPI.No5,16.808597564697266,Task.No3,Staff.No7,0.017578523606061935
KPI.No5,16.808597564697266,Task.No3,Staff.No8,0.024293581023812294
KPI.No5,16.808597564697266,Task.No3,Staff.No9,0.017183518037199974
KPI.No5,16.808597564697266,Task.No3,Staff.No10,0.026842504739761353
KPI.No5,16.808597564697266,Task.No3,Staff.No11,0.019533537328243256
KPI.No5,16.808597564697266,Task.No3,Staff.No12,0.022720156237483025
KPI.No5,16.808597564697266,Task.No3,Staff.No13,0.01353018544614315
KPI.No5,16.808597564697266,Task.No3,Staff.No14,0.009868157096207142
KPI.No5,16.808597564697266,Task.No3,Staff.No15,0.010143926367163658
KPI.No5,16.808597564697266,Task.No3,Staff.No16,0.012725616805255413
KPI.No5,16.808597564697266,Task.No3,Staff.No17,0.027467820793390274
KPI.No5,16.808597564697266,Task.No3,Staff.No18,0.020462319254875183
KPI.No5,16.808597564697266,Task.No3,Staff.No19,0.023898150771856308
KPI.No5,16.808597564697266,Task.No3,Staff.No20,0.020730577409267426
KPI.No5,16.808597564697266,Task.No3,Staff.No21,0.02275276929140091
KPI.No5,16.808597564697266,Task.No3,Staff.No22,0.015277670696377754
KPI.No5,16.808597564697266,Task.No3,Staff.No23,0.024570316076278687
KPI.No5,16.808597564697266,Task.No3,Staff.No24,0.014086233451962471
KPI.No5,16.808597564697266,Task.No3,Staff.No25,0.026247620582580566
KPI.No5,16.808597564697266,Task.No3,Staff.No26,0.023589318618178368
KPI.No5,16.808597564697266,Task.No3,Staff.No27,0.01703813299536705
KPI.No5,16.808597564697266,Task.No3,Staff.No28,0.01471657957881689
KPI.No5,16.808597564697266,Task.No3,Staff.No29,0.01802494004368782
KPI.No5,16.808597564697266,Task.No3,Staff.No30,0.01508577074855566
KPI.No5,16.808597564697266,Task.No3,Staff.No31,0.020075948908925056
KPI.No5,16.808597564697266,Task.No3,Staff.No32,0.024518810212612152
KPI.No5,16.808597564697266,Task.No3,Staff.No33,0.022856269031763077
KPI.No5,16.808597564697266,Task.No3,Staff.No34,0.026041293516755104
KPI.No5,16.808597564697266,Task.No3,Staff.No35,0.020755324512720108
KPI.No5,16.808597564697266,Task.No3,Staff.No36,0.018169846385717392
KPI.No5,16.808597564697266,Task.No3,Staff.No37,0.026566971093416214
KPI.No5,16.808597564697266,Task.No3,Staff.No38,0.024843383580446243
KPI.No5,16.808597564697266,Task.No3,Staff.No39,0.016862772405147552
KPI.No5,16.808597564697266,Task.No3,Staff.No40,0.018202275037765503
KPI.No5,16.808597564697266,Task.No3,Staff.No41,0.015895336866378784
KPI.No5,16.808597564697266,Task.No3,Staff.No42,0.013226602226495743
KPI.No5,16.808597564697266,Task.No3,Staff.No43,0.014631894417107105
KPI.No5,16.808597564697266,Task.No3,Staff.No44,0.018702752888202667
KPI.No5,16.808597564697266,Task.No3,Staff.No45,0.013497447595000267
KPI.No5,16.808597564697266,Task.No3,Staff.No46,0.0177921075373888
KPI.No5,16.808597564697266,Task.No3,Staff.No47,0.021126851439476013
KPI.No5,16.808597564697266,Task.No3,Staff.No48,0.027325835078954697
KPI.No5,16.808597564697266,Task.No3,Staff.No49,0.026249708607792854
KPI.No5,16.808597564697266,Task.No3,Staff.No50,0.024118417873978615
KPI.No5,16.808597564697266,Task.No3,Staff.No51,0.023468028753995895
KPI.No5,16.808597564697266,Task.No3,Staff.No52,0.024552224203944206
KPI.No5,16.808597564697266,Task.No3,Staff.No53,0.023384172469377518
KPI.No5,16.808597564697266,Task.No3,Staff.No54,0.027346443384885788
KPI.No5,16.808597564697266,Task.No3,Staff.No55,0.02149827405810356
KPI.No5,16.808597564697266,Task.No3,Staff.No56,0.020525945350527763
KPI.No5,16.808597564697266,Task.No3,Staff.No57,0.028007496148347855
KPI.No5,16.808597564697266,Task.No3,Staff.No58,0.027775201946496964
KPI.No5,16.808597564697266,Task.No3,Staff.No59,0.026028994470834732
KPI.No5,16.808597564697266,Task.No3,Staff.No60,0.019824128597974777
