id,fitness
1,92.03333282470703
2,92.03333282470703
3,92.03333282470703
4,92.03333282470703
5,92.03333282470703
6,92.03333282470703
7,92.03333282470703
8,92.03333282470703
9,92.03333282470703
10,92.03333282470703
11,92.03333282470703
12,92.03333282470703
13,92.03333282470703
14,92.03333282470703
15,92.03333282470703
16,92.03333282470703
17,92.03333282470703
18,92.03333282470703
19,92.03333282470703
20,92.03333282470703
21,92.03333282470703
22,92.03333282470703
23,92.03333282470703
24,92.03333282470703
25,92.03333282470703
26,92.03333282470703
27,92.03333282470703
28,92.03333282470703
29,92.03333282470703
30,92.03333282470703
31,92.03333282470703
32,92.03333282470703
33,92.03333282470703
34,92.03333282470703
35,92.03333282470703
36,92.03333282470703
37,92.03333282470703
38,92.03333282470703
39,92.03333282470703
40,92.03333282470703
41,92.03333282470703
42,92.03333282470703
43,92.03333282470703
44,92.03333282470703
45,92.03333282470703
46,92.03333282470703
47,92.03333282470703
48,92.03333282470703
49,92.03333282470703
50,92.03333282470703
51,92.03333282470703
52,92.03333282470703
53,92.03333282470703
54,92.03333282470703
55,92.03333282470703
56,92.03333282470703
57,92.03333282470703
58,92.03333282470703
59,92.03333282470703
60,92.03333282470703
61,92.03333282470703
62,92.03333282470703
63,92.03333282470703
64,92.03333282470703
65,92.03333282470703
66,92.03333282470703
67,92.03333282470703
68,92.03333282470703
69,92.03333282470703
70,92.03333282470703
71,92.03333282470703
72,92.03333282470703
73,92.03333282470703
74,92.03333282470703
75,92.03333282470703
76,92.03333282470703
77,92.03333282470703
78,92.03333282470703
79,92.03333282470703
80,92.03333282470703
81,92.03333282470703
82,92.03333282470703
83,92.03333282470703
84,92.03333282470703
85,92.03333282470703
86,92.03333282470703
87,92.03333282470703
88,92.03333282470703
89,92.03333282470703
90,92.03333282470703
91,92.03333282470703
92,92.03333282470703
93,92.03333282470703
94,92.03333282470703
95,92.03333282470703
96,92.03333282470703
97,92.03333282470703
98,92.03333282470703
99,92.03333282470703
100,92.03333282470703
101,92.03333282470703
102,92.03333282470703
103,92.03333282470703
104,92.03333282470703
105,92.03333282470703
106,92.03333282470703
107,92.03333282470703
108,92.03333282470703
109,92.03333282470703
110,92.03333282470703
111,92.03333282470703
112,92.03333282470703
113,92.03333282470703
114,92.03333282470703
115,92.03333282470703
116,92.03333282470703
117,92.03333282470703
118,92.03333282470703
119,92.03333282470703
120,92.03333282470703
121,92.03333282470703
122,92.03333282470703
123,92.03333282470703
124,92.03333282470703
125,92.03333282470703
126,92.03333282470703
127,92.03333282470703
128,92.03333282470703
129,92.03333282470703
130,92.03333282470703
131,92.03333282470703
132,92.03333282470703
133,92.03333282470703
134,92.03333282470703
135,92.03333282470703
136,92.03333282470703
137,92.03333282470703
138,92.03333282470703
139,92.03333282470703
140,92.03333282470703
141,92.03333282470703
142,92.03333282470703
143,92.03333282470703
144,92.03333282470703
145,92.03333282470703
146,92.03333282470703
147,92.03333282470703
148,92.03333282470703
149,92.03333282470703
150,92.03333282470703
151,92.03333282470703
152,92.03333282470703
153,92.03333282470703
154,92.03333282470703
155,92.03333282470703
156,92.03333282470703
157,92.03333282470703
158,92.03333282470703
159,92.03333282470703
160,92.03333282470703
161,92.03333282470703
162,92.03333282470703
163,92.03333282470703
164,92.03333282470703
165,92.03333282470703
166,92.03333282470703
167,92.03333282470703
168,92.03333282470703
169,92.03333282470703
170,92.03333282470703
171,92.03333282470703
172,92.03333282470703
173,92.03333282470703
174,92.03333282470703
175,92.03333282470703
176,92.03333282470703
177,92.03333282470703
178,92.03333282470703
179,92.03333282470703
180,92.03333282470703
181,92.03333282470703
182,92.03333282470703
183,92.03333282470703
184,92.03333282470703
185,92.03333282470703
186,92.03333282470703
187,92.03333282470703
188,92.03333282470703
189,92.03333282470703
190,92.03333282470703
191,92.03333282470703
192,92.03333282470703
193,92.03333282470703
194,92.03333282470703
195,92.03333282470703
196,92.03333282470703
197,92.03333282470703
198,92.03333282470703
199,92.03333282470703
200,92.03333282470703
201,92.03333282470703
202,92.03333282470703
203,92.03333282470703
204,92.03333282470703
205,92.03333282470703
206,92.03333282470703
207,92.03333282470703
208,92.03333282470703
209,92.03333282470703
210,92.03333282470703
211,92.03333282470703
212,92.03333282470703
213,92.03333282470703
214,92.03333282470703
215,92.03333282470703
216,92.03333282470703
217,92.03333282470703
218,92.03333282470703
219,92.03333282470703
220,92.03333282470703
221,92.03333282470703
222,92.03333282470703
223,92.03333282470703
224,92.03333282470703
225,92.03333282470703
226,92.03333282470703
227,92.03333282470703
228,92.03333282470703
229,92.03333282470703
230,92.03333282470703
231,92.03333282470703
232,92.03333282470703
233,92.03333282470703
234,92.03333282470703
235,92.03333282470703
236,92.03333282470703
237,92.03333282470703
238,92.03333282470703
239,92.03333282470703
240,92.03333282470703
241,92.03333282470703
242,92.03333282470703
243,92.03333282470703
244,92.03333282470703
245,92.03333282470703
246,92.03333282470703
247,92.03333282470703
248,92.03333282470703
249,92.03333282470703
250,92.03333282470703
251,92.03333282470703
252,92.03333282470703
253,92.03333282470703
254,92.03333282470703
255,92.03333282470703
256,92.03333282470703
257,92.03333282470703
258,92.03333282470703
259,92.03333282470703
260,92.03333282470703
261,92.03333282470703
262,92.03333282470703
263,92.03333282470703
264,92.03333282470703
265,92.03333282470703
266,92.03333282470703
267,92.03333282470703
268,92.03333282470703
269,92.03333282470703
270,92.03333282470703
271,92.03333282470703
272,92.03333282470703
273,92.03333282470703
274,92.03333282470703
275,92.03333282470703
276,92.03333282470703
277,92.03333282470703
278,92.03333282470703
279,92.03333282470703
280,92.03333282470703
281,92.03333282470703
282,92.03333282470703
283,92.03333282470703
284,92.03333282470703
285,92.03333282470703
286,92.03333282470703
287,92.03333282470703
288,92.03333282470703
289,92.03333282470703
290,92.03333282470703
291,92.03333282470703
292,92.03333282470703
293,92.03333282470703
294,92.03333282470703
295,92.03333282470703
296,92.03333282470703
297,92.03333282470703
298,92.03333282470703
299,92.03333282470703
300,92.03333282470703
301,92.03333282470703
302,92.03333282470703
303,92.03333282470703
304,92.03333282470703
305,92.03333282470703
306,92.03333282470703
307,92.03333282470703
308,92.03333282470703
309,92.03333282470703
310,92.03333282470703
311,92.03333282470703
312,92.03333282470703
313,92.03333282470703
314,92.03333282470703
315,92.03333282470703
316,92.03333282470703
317,92.03333282470703
318,92.03333282470703
319,92.03333282470703
320,92.03333282470703
321,92.03333282470703
322,92.03333282470703
323,92.03333282470703
324,92.03333282470703
325,92.03333282470703
326,92.03333282470703
327,92.03333282470703
328,92.03333282470703
329,92.03333282470703
330,92.03333282470703
331,92.03333282470703
332,92.03333282470703
333,92.03333282470703
334,92.03333282470703
335,92.03333282470703
336,92.03333282470703
337,92.03333282470703
338,92.03333282470703
339,92.03333282470703
340,92.03333282470703
341,92.03333282470703
342,92.03333282470703
343,92.03333282470703
344,92.03333282470703
345,92.03333282470703
346,92.03333282470703
347,92.03333282470703
348,92.03333282470703
349,92.03333282470703
350,92.03333282470703
351,92.03333282470703
352,92.03333282470703
353,92.03333282470703
354,92.03333282470703
355,92.03333282470703
356,92.03333282470703
357,92.03333282470703
358,92.03333282470703
359,92.03333282470703
360,92.03333282470703
361,92.03333282470703
362,92.03333282470703
363,92.03333282470703
364,92.03333282470703
365,92.03333282470703
366,92.03333282470703
367,92.03333282470703
368,92.03333282470703
369,92.03333282470703
370,92.03333282470703
371,92.03333282470703
372,92.03333282470703
373,92.03333282470703
374,92.03333282470703
375,92.03333282470703
376,92.03333282470703
377,92.03333282470703
378,92.03333282470703
379,92.03333282470703
380,92.03333282470703
381,92.03333282470703
382,92.03333282470703
383,92.03333282470703
384,92.03333282470703
385,92.03333282470703
386,92.03333282470703
387,92.03333282470703
388,92.03333282470703
389,92.03333282470703
390,92.03333282470703
391,92.03333282470703
392,92.03333282470703
393,92.03333282470703
394,92.03333282470703
395,92.03333282470703
396,92.03333282470703
397,92.03333282470703
398,92.03333282470703
399,92.03333282470703
400,92.03333282470703
401,92.03333282470703
402,92.03333282470703
403,92.03333282470703
404,92.03333282470703
405,92.03333282470703
406,92.03333282470703
407,92.03333282470703
408,92.03333282470703
409,92.03333282470703
410,92.03333282470703
411,92.03333282470703
412,92.03333282470703
413,92.03333282470703
414,92.03333282470703
415,92.03333282470703
416,92.03333282470703
417,92.03333282470703
418,92.03333282470703
419,92.03333282470703
420,92.03333282470703
421,92.03333282470703
422,92.03333282470703
423,92.03333282470703
424,92.03333282470703
425,92.03333282470703
426,92.03333282470703
427,92.03333282470703
428,92.03333282470703
429,92.03333282470703
430,92.03333282470703
431,92.03333282470703
432,92.03333282470703
433,92.03333282470703
434,92.03333282470703
435,92.03333282470703
436,92.03333282470703
437,92.03333282470703
438,92.03333282470703
439,92.03333282470703
440,92.03333282470703
441,92.03333282470703
442,92.03333282470703
443,92.03333282470703
444,92.03333282470703
445,92.03333282470703
446,92.03333282470703
447,92.03333282470703
448,92.03333282470703
449,92.03333282470703
450,92.03333282470703
451,92.03333282470703
452,92.03333282470703
453,92.03333282470703
454,92.03333282470703
455,92.03333282470703
456,92.03333282470703
457,92.03333282470703
458,92.03333282470703
459,92.03333282470703
460,92.03333282470703
461,92.03333282470703
462,92.03333282470703
463,92.03333282470703
464,92.03333282470703
465,92.03333282470703
466,92.03333282470703
467,92.03333282470703
468,92.03333282470703
469,92.03333282470703
470,92.03333282470703
471,92.03333282470703
472,92.03333282470703
473,92.03333282470703
474,92.03333282470703
475,92.03333282470703
476,92.03333282470703
477,92.03333282470703
478,92.03333282470703
479,92.03333282470703
480,92.03333282470703
481,92.03333282470703
482,92.03333282470703
483,92.03333282470703
484,92.03333282470703
485,92.03333282470703
486,92.03333282470703
487,92.03333282470703
488,92.03333282470703
489,92.03333282470703
490,92.03333282470703
491,92.03333282470703
492,92.03333282470703
493,92.03333282470703
494,92.03333282470703
495,92.03333282470703
496,92.03333282470703
497,92.03333282470703
498,92.03333282470703
499,92.03333282470703
500,92.03333282470703
501,92.03333282470703
502,92.03333282470703
503,92.03333282470703
504,92.03333282470703
505,92.03333282470703
506,92.03333282470703
507,92.03333282470703
508,92.03333282470703
509,92.03333282470703
510,92.03333282470703
511,92.03333282470703
512,92.03333282470703
513,92.03333282470703
514,92.03333282470703
515,92.03333282470703
516,92.03333282470703
517,92.03333282470703
518,92.03333282470703
519,92.03333282470703
520,92.03333282470703
521,92.03333282470703
522,92.03333282470703
523,92.03333282470703
524,92.03333282470703
525,92.03333282470703
526,92.03333282470703
527,92.03333282470703
528,92.03333282470703
529,92.03333282470703
530,92.03333282470703
531,92.03333282470703
532,92.03333282470703
533,92.03333282470703
534,92.03333282470703
535,92.03333282470703
536,92.03333282470703
537,92.03333282470703
538,92.03333282470703
539,92.03333282470703
540,92.03333282470703
541,92.03333282470703
542,92.03333282470703
543,92.03333282470703
544,92.03333282470703
545,92.03333282470703
546,92.03333282470703
547,92.03333282470703
548,92.03333282470703
549,92.03333282470703
550,92.03333282470703
551,92.03333282470703
552,92.03333282470703
553,92.03333282470703
554,92.03333282470703
555,92.03333282470703
556,92.03333282470703
557,92.03333282470703
558,92.03333282470703
559,92.03333282470703
560,92.03333282470703
561,92.03333282470703
562,92.03333282470703
563,92.03333282470703
564,92.03333282470703
565,92.03333282470703
566,92.03333282470703
567,92.03333282470703
568,92.03333282470703
569,92.03333282470703
570,92.03333282470703
571,92.03333282470703
572,92.03333282470703
573,92.03333282470703
574,92.03333282470703
575,92.03333282470703
576,92.03333282470703
577,92.03333282470703
578,92.03333282470703
579,92.03333282470703
580,92.03333282470703
581,92.03333282470703
582,92.03333282470703
583,92.03333282470703
584,92.03333282470703
585,92.03333282470703
586,92.03333282470703
587,92.03333282470703
588,92.03333282470703
589,92.03333282470703
590,92.03333282470703
591,92.03333282470703
592,92.03333282470703
593,92.03333282470703
594,92.03333282470703
595,92.03333282470703
596,92.03333282470703
597,92.03333282470703
598,92.03333282470703
599,92.03333282470703
600,92.03333282470703
601,92.03333282470703
602,92.03333282470703
603,92.03333282470703
604,92.03333282470703
605,92.03333282470703
606,92.03333282470703
607,92.03333282470703
608,92.03333282470703
609,92.03333282470703
610,92.03333282470703
611,92.03333282470703
612,92.03333282470703
613,92.03333282470703
614,92.03333282470703
615,92.03333282470703
616,92.03333282470703
617,92.03333282470703
618,92.03333282470703
619,92.03333282470703
620,92.03333282470703
621,92.03333282470703
622,92.03333282470703
623,92.03333282470703
624,92.03333282470703
625,92.03333282470703
626,92.03333282470703
627,92.03333282470703
628,92.03333282470703
629,92.03333282470703
630,92.03333282470703
631,92.03333282470703
632,92.03333282470703
633,92.03333282470703
634,92.03333282470703
635,92.03333282470703
636,92.03333282470703
637,92.03333282470703
638,92.03333282470703
639,92.03333282470703
640,92.03333282470703
641,92.03333282470703
642,92.03333282470703
643,92.03333282470703
644,92.03333282470703
645,92.03333282470703
646,92.03333282470703
647,92.03333282470703
648,92.03333282470703
649,92.03333282470703
650,92.03333282470703
651,92.03333282470703
652,92.03333282470703
653,92.03333282470703
654,92.03333282470703
655,92.03333282470703
656,92.03333282470703
657,92.03333282470703
658,92.03333282470703
659,92.03333282470703
660,92.03333282470703
661,92.03333282470703
662,92.03333282470703
663,92.03333282470703
664,92.03333282470703
665,92.03333282470703
666,92.03333282470703
667,92.03333282470703
668,92.03333282470703
669,92.03333282470703
670,92.03333282470703
671,92.03333282470703
672,92.03333282470703
673,92.03333282470703
674,92.03333282470703
675,92.03333282470703
676,92.03333282470703
677,92.03333282470703
678,92.03333282470703
679,92.03333282470703
680,92.03333282470703
681,92.03333282470703
682,92.03333282470703
683,92.03333282470703
684,92.03333282470703
685,92.03333282470703
686,92.03333282470703
687,92.03333282470703
688,92.03333282470703
689,92.03333282470703
690,92.03333282470703
691,92.03333282470703
692,92.03333282470703
693,92.03333282470703
694,92.03333282470703
695,92.03333282470703
696,92.03333282470703
697,92.03333282470703
698,92.03333282470703
699,92.03333282470703
700,92.03333282470703
701,92.03333282470703
702,92.03333282470703
703,92.03333282470703
704,92.03333282470703
705,92.03333282470703
706,92.03333282470703
707,92.03333282470703
708,92.03333282470703
709,92.03333282470703
710,92.03333282470703
711,92.03333282470703
712,92.03333282470703
713,92.03333282470703
714,92.03333282470703
715,92.03333282470703
716,92.03333282470703
717,92.03333282470703
718,92.03333282470703
719,92.03333282470703
720,92.03333282470703
721,92.03333282470703
722,92.03333282470703
723,92.03333282470703
724,92.03333282470703
725,92.03333282470703
726,92.03333282470703
727,92.03333282470703
728,92.03333282470703
729,92.03333282470703
730,92.03333282470703
731,92.03333282470703
732,92.03333282470703
733,92.03333282470703
734,92.03333282470703
735,92.03333282470703
736,92.03333282470703
737,92.03333282470703
738,92.03333282470703
739,92.03333282470703
740,92.03333282470703
741,92.03333282470703
742,92.03333282470703
743,92.03333282470703
744,92.03333282470703
745,92.03333282470703
746,92.03333282470703
747,92.03333282470703
748,92.03333282470703
749,92.03333282470703
750,92.03333282470703
751,92.03333282470703
752,92.03333282470703
753,92.03333282470703
754,92.03333282470703
755,92.03333282470703
756,92.03333282470703
757,92.03333282470703
758,92.03333282470703
759,92.03333282470703
760,92.03333282470703
761,92.03333282470703
762,92.03333282470703
763,92.03333282470703
764,92.03333282470703
765,92.03333282470703
766,92.03333282470703
767,92.03333282470703
768,92.03333282470703
769,92.03333282470703
770,92.03333282470703
771,92.03333282470703
772,92.03333282470703
773,92.03333282470703
774,92.03333282470703
775,92.03333282470703
776,92.03333282470703
777,92.03333282470703
778,92.03333282470703
779,92.03333282470703
780,92.03333282470703
781,92.03333282470703
782,92.03333282470703
783,92.03333282470703
784,92.03333282470703
785,92.03333282470703
786,92.03333282470703
787,92.03333282470703
788,92.03333282470703
789,92.03333282470703
790,92.03333282470703
791,92.03333282470703
792,92.03333282470703
793,92.03333282470703
794,92.03333282470703
795,92.03333282470703
796,92.03333282470703
797,92.03333282470703
798,92.03333282470703
799,92.03333282470703
800,92.03333282470703
801,92.03333282470703
802,92.03333282470703
803,92.03333282470703
804,92.03333282470703
805,92.03333282470703
806,92.03333282470703
807,92.03333282470703
808,92.03333282470703
809,92.03333282470703
810,92.03333282470703
811,92.03333282470703
812,92.03333282470703
813,92.03333282470703
814,92.03333282470703
815,92.03333282470703
816,92.03333282470703
817,92.03333282470703
818,92.03333282470703
819,92.03333282470703
820,92.03333282470703
821,92.03333282470703
822,92.03333282470703
823,92.03333282470703
824,92.03333282470703
825,92.03333282470703
826,92.03333282470703
827,92.03333282470703
828,92.03333282470703
829,92.03333282470703
830,92.03333282470703
831,92.03333282470703
832,92.03333282470703
833,92.03333282470703
834,92.03333282470703
835,92.03333282470703
836,92.03333282470703
837,92.03333282470703
838,92.03333282470703
839,92.03333282470703
840,92.03333282470703
841,92.03333282470703
842,92.03333282470703
843,92.03333282470703
844,92.03333282470703
845,92.03333282470703
846,92.03333282470703
847,92.03333282470703
848,92.03333282470703
849,92.03333282470703
850,92.03333282470703
851,92.03333282470703
852,92.03333282470703
853,92.03333282470703
854,92.03333282470703
855,92.03333282470703
856,92.03333282470703
857,92.03333282470703
858,92.03333282470703
859,92.03333282470703
860,92.03333282470703
861,92.03333282470703
862,92.03333282470703
863,92.03333282470703
864,92.03333282470703
865,92.03333282470703
866,92.03333282470703
867,92.03333282470703
868,92.03333282470703
869,92.03333282470703
870,92.03333282470703
871,92.03333282470703
872,92.03333282470703
873,92.03333282470703
874,92.03333282470703
875,92.03333282470703
876,92.03333282470703
877,92.03333282470703
878,92.03333282470703
879,92.03333282470703
880,92.03333282470703
881,92.03333282470703
882,92.03333282470703
883,92.03333282470703
884,92.03333282470703
885,92.03333282470703
886,92.03333282470703
887,92.03333282470703
888,92.03333282470703
889,92.03333282470703
890,92.03333282470703
891,92.03333282470703
892,92.03333282470703
893,92.03333282470703
894,92.03333282470703
895,92.03333282470703
896,92.03333282470703
897,92.03333282470703
898,92.03333282470703
899,92.03333282470703
900,92.03333282470703
901,92.03333282470703
902,92.03333282470703
903,92.03333282470703
904,92.03333282470703
905,92.03333282470703
906,92.03333282470703
907,92.03333282470703
908,92.03333282470703
909,92.03333282470703
910,92.03333282470703
911,92.03333282470703
912,92.03333282470703
913,92.03333282470703
914,92.03333282470703
915,92.03333282470703
916,92.03333282470703
917,92.03333282470703
918,92.03333282470703
919,92.03333282470703
920,92.03333282470703
921,92.03333282470703
922,92.03333282470703
923,92.03333282470703
924,92.03333282470703
925,92.03333282470703
926,92.03333282470703
927,92.03333282470703
928,92.03333282470703
929,92.03333282470703
930,92.03333282470703
931,92.03333282470703
932,92.03333282470703
933,92.03333282470703
934,92.03333282470703
935,92.03333282470703
936,92.03333282470703
937,92.03333282470703
938,92.03333282470703
939,92.03333282470703
940,92.03333282470703
941,92.03333282470703
942,92.03333282470703
943,92.03333282470703
944,92.03333282470703
945,92.03333282470703
946,92.03333282470703
947,92.03333282470703
948,92.03333282470703
949,92.03333282470703
950,92.03333282470703
951,92.03333282470703
952,92.03333282470703
953,92.03333282470703
954,92.03333282470703
955,92.03333282470703
956,92.03333282470703
957,92.03333282470703
958,92.03333282470703
959,92.03333282470703
960,92.03333282470703
961,92.03333282470703
962,92.03333282470703
963,92.03333282470703
964,92.03333282470703
965,92.03333282470703
966,92.03333282470703
967,92.03333282470703
968,92.03333282470703
969,92.03333282470703
970,92.03333282470703
971,92.03333282470703
972,92.03333282470703
973,92.03333282470703
974,92.03333282470703
975,92.03333282470703
976,92.03333282470703
977,92.03333282470703
978,92.03333282470703
979,92.03333282470703
980,92.03333282470703
981,92.03333282470703
982,92.03333282470703
983,92.03333282470703
984,92.03333282470703
985,92.03333282470703
986,92.03333282470703
987,92.03333282470703
988,92.03333282470703
989,92.03333282470703
990,92.03333282470703
991,92.03333282470703
992,92.03333282470703
993,92.03333282470703
994,92.03333282470703
995,92.03333282470703
996,92.03333282470703
997,92.03333282470703
998,92.03333282470703
999,92.03333282470703
1000,92.03333282470703
1001,92.03333282470703
1002,92.03333282470703
1003,92.03333282470703
1004,92.03333282470703
1005,92.03333282470703
1006,92.03333282470703
1007,92.03333282470703
1008,92.03333282470703
1009,92.03333282470703
1010,92.03333282470703
1011,92.03333282470703
1012,92.03333282470703
1013,92.03333282470703
1014,92.03333282470703
1015,92.03333282470703
1016,92.03333282470703
1017,92.03333282470703
1018,92.03333282470703
1019,92.03333282470703
1020,92.03333282470703
1021,92.03333282470703
1022,92.03333282470703
1023,92.03333282470703
1024,92.03333282470703
1025,92.03333282470703
1026,92.03333282470703
1027,92.03333282470703
1028,92.03333282470703
1029,92.03333282470703
1030,92.03333282470703
1031,92.03333282470703
1032,92.03333282470703
1033,92.03333282470703
1034,92.03333282470703
1035,92.03333282470703
1036,92.03333282470703
1037,92.03333282470703
1038,92.03333282470703
1039,92.03333282470703
1040,92.03333282470703
1041,92.03333282470703
1042,92.03333282470703
1043,92.03333282470703
1044,92.03333282470703
1045,92.03333282470703
1046,92.03333282470703
1047,92.03333282470703
1048,92.03333282470703
1049,92.03333282470703
1050,92.03333282470703
1051,92.03333282470703
1052,92.03333282470703
1053,92.03333282470703
1054,92.03333282470703
1055,92.03333282470703
1056,92.03333282470703
1057,92.03333282470703
1058,92.03333282470703
1059,92.03333282470703
1060,92.03333282470703
1061,92.03333282470703
1062,92.03333282470703
1063,92.03333282470703
1064,92.03333282470703
1065,92.03333282470703
1066,92.03333282470703
1067,92.03333282470703
1068,92.03333282470703
1069,92.03333282470703
1070,92.03333282470703
1071,92.03333282470703
1072,92.03333282470703
1073,92.03333282470703
1074,92.03333282470703
1075,92.03333282470703
1076,92.03333282470703
1077,92.03333282470703
1078,92.03333282470703
1079,92.03333282470703
1080,92.03333282470703
1081,92.03333282470703
1082,92.03333282470703
1083,92.03333282470703
1084,92.03333282470703
1085,92.03333282470703
1086,92.03333282470703
1087,92.03333282470703
1088,92.03333282470703
1089,92.03333282470703
1090,92.03333282470703
1091,92.03333282470703
1092,92.03333282470703
1093,92.03333282470703
1094,92.03333282470703
1095,92.03333282470703
1096,92.03333282470703
1097,92.03333282470703
1098,92.03333282470703
1099,92.03333282470703
1100,92.03333282470703
1101,92.03333282470703
1102,92.03333282470703
1103,92.03333282470703
1104,92.03333282470703
1105,92.03333282470703
1106,92.03333282470703
1107,92.03333282470703
1108,92.03333282470703
1109,92.03333282470703
1110,92.03333282470703
1111,92.03333282470703
1112,92.03333282470703
1113,92.03333282470703
1114,92.03333282470703
1115,92.03333282470703
1116,92.03333282470703
1117,92.03333282470703
1118,92.03333282470703
1119,92.03333282470703
1120,92.03333282470703
1121,92.03333282470703
1122,92.03333282470703
1123,92.03333282470703
1124,92.03333282470703
1125,92.03333282470703
1126,92.03333282470703
1127,92.03333282470703
1128,92.03333282470703
1129,92.03333282470703
1130,92.03333282470703
1131,92.03333282470703
1132,92.03333282470703
1133,92.03333282470703
1134,92.03333282470703
1135,92.03333282470703
1136,92.03333282470703
1137,92.03333282470703
1138,92.03333282470703
1139,92.03333282470703
1140,92.03333282470703
1141,92.03333282470703
1142,92.03333282470703
1143,92.03333282470703
1144,92.03333282470703
1145,92.03333282470703
1146,92.03333282470703
1147,92.03333282470703
1148,92.03333282470703
1149,92.03333282470703
1150,92.03333282470703
1151,92.03333282470703
1152,92.03333282470703
1153,92.03333282470703
1154,92.03333282470703
1155,92.03333282470703
1156,92.03333282470703
1157,92.03333282470703
1158,92.03333282470703
1159,92.03333282470703
1160,92.03333282470703
1161,92.03333282470703
1162,92.03333282470703
1163,92.03333282470703
1164,92.03333282470703
1165,92.03333282470703
1166,92.03333282470703
1167,92.03333282470703
1168,92.03333282470703
1169,92.03333282470703
1170,92.03333282470703
1171,92.03333282470703
1172,92.03333282470703
1173,92.03333282470703
1174,92.03333282470703
1175,92.03333282470703
1176,92.03333282470703
1177,92.03333282470703
1178,92.03333282470703
1179,92.03333282470703
1180,92.03333282470703
1181,92.03333282470703
1182,92.03333282470703
1183,92.03333282470703
1184,92.03333282470703
1185,92.03333282470703
1186,92.03333282470703
1187,92.03333282470703
1188,92.03333282470703
1189,92.03333282470703
1190,92.03333282470703
1191,92.03333282470703
1192,92.03333282470703
1193,92.03333282470703
1194,92.03333282470703
1195,92.03333282470703
1196,92.03333282470703
1197,92.03333282470703
1198,92.03333282470703
1199,92.03333282470703
1200,92.03333282470703
1201,92.03333282470703
1202,92.03333282470703
1203,92.03333282470703
1204,92.03333282470703
1205,92.03333282470703
1206,92.03333282470703
1207,92.03333282470703
1208,92.03333282470703
1209,92.03333282470703
1210,92.03333282470703
1211,92.03333282470703
1212,92.03333282470703
1213,92.03333282470703
1214,92.03333282470703
1215,92.03333282470703
1216,92.03333282470703
1217,92.03333282470703
1218,92.03333282470703
1219,92.03333282470703
1220,92.03333282470703
1221,92.03333282470703
1222,92.03333282470703
1223,92.03333282470703
1224,92.03333282470703
1225,92.03333282470703
1226,92.03333282470703
1227,92.03333282470703
1228,92.03333282470703
1229,92.03333282470703
1230,92.03333282470703
1231,92.03333282470703
1232,92.03333282470703
1233,92.03333282470703
1234,92.03333282470703
1235,92.03333282470703
1236,92.03333282470703
1237,92.03333282470703
1238,92.03333282470703
1239,92.03333282470703
1240,92.03333282470703
1241,92.03333282470703
1242,92.03333282470703
1243,92.03333282470703
1244,92.03333282470703
1245,92.03333282470703
1246,92.03333282470703
1247,92.03333282470703
1248,92.03333282470703
1249,92.03333282470703
1250,92.03333282470703
1251,92.03333282470703
1252,92.03333282470703
1253,92.03333282470703
1254,92.03333282470703
1255,92.03333282470703
1256,92.03333282470703
1257,92.03333282470703
1258,92.03333282470703
1259,92.03333282470703
1260,92.03333282470703
1261,92.03333282470703
1262,92.03333282470703
1263,92.03333282470703
1264,92.03333282470703
1265,92.03333282470703
1266,92.03333282470703
1267,92.03333282470703
1268,92.03333282470703
1269,92.03333282470703
1270,92.03333282470703
1271,92.03333282470703
1272,92.03333282470703
1273,92.03333282470703
1274,92.03333282470703
1275,92.03333282470703
1276,92.03333282470703
1277,92.03333282470703
1278,92.03333282470703
1279,92.03333282470703
1280,92.03333282470703
1281,92.03333282470703
1282,92.03333282470703
1283,92.03333282470703
1284,92.03333282470703
1285,92.03333282470703
1286,92.03333282470703
1287,92.03333282470703
1288,92.03333282470703
1289,92.03333282470703
1290,92.03333282470703
1291,92.03333282470703
1292,92.03333282470703
1293,92.03333282470703
1294,92.03333282470703
1295,92.03333282470703
1296,92.03333282470703
1297,92.03333282470703
1298,92.03333282470703
1299,92.03333282470703
1300,92.03333282470703
1301,92.03333282470703
1302,92.03333282470703
1303,92.03333282470703
1304,92.03333282470703
1305,92.03333282470703
1306,92.03333282470703
1307,92.03333282470703
1308,92.03333282470703
1309,92.03333282470703
1310,92.03333282470703
1311,92.03333282470703
1312,92.03333282470703
1313,92.03333282470703
1314,92.03333282470703
1315,92.03333282470703
1316,92.03333282470703
1317,92.03333282470703
1318,92.03333282470703
1319,92.03333282470703
1320,92.03333282470703
1321,92.03333282470703
1322,92.03333282470703
1323,92.03333282470703
1324,92.03333282470703
1325,92.03333282470703
1326,92.03333282470703
1327,92.03333282470703
1328,92.03333282470703
1329,92.03333282470703
1330,92.03333282470703
1331,92.03333282470703
1332,92.03333282470703
1333,92.03333282470703
1334,92.03333282470703
1335,92.03333282470703
1336,92.03333282470703
1337,92.03333282470703
1338,92.03333282470703
1339,92.03333282470703
1340,92.03333282470703
1341,92.03333282470703
1342,92.03333282470703
1343,92.03333282470703
1344,92.03333282470703
1345,92.03333282470703
1346,92.03333282470703
1347,92.03333282470703
1348,92.03333282470703
1349,92.03333282470703
1350,92.03333282470703
1351,92.03333282470703
1352,92.03333282470703
1353,92.03333282470703
1354,92.03333282470703
1355,92.03333282470703
1356,92.03333282470703
1357,92.03333282470703
1358,92.03333282470703
1359,92.2233657836914
1360,92.2233657836914
1361,92.2233657836914
1362,92.2233657836914
1363,92.2233657836914
1364,92.2233657836914
1365,92.2233657836914
1366,92.2233657836914
1367,92.2233657836914
1368,92.2233657836914
1369,92.2233657836914
1370,92.2233657836914
1371,92.2233657836914
1372,92.2233657836914
1373,92.2233657836914
1374,92.2233657836914
1375,92.2233657836914
1376,92.2233657836914
1377,92.2233657836914
1378,92.2233657836914
1379,92.68172454833984
1380,92.68172454833984
1381,92.68172454833984
1382,92.68172454833984
1383,92.68172454833984
1384,92.68172454833984
1385,92.68172454833984
1386,92.68172454833984
1387,92.68172454833984
1388,92.69520568847656
1389,92.69520568847656
1390,92.69520568847656
1391,92.69520568847656
1392,92.69520568847656
1393,92.70257568359375
1394,92.70257568359375
1395,92.70450592041016
1396,92.70450592041016
1397,92.70450592041016
1398,92.70450592041016
1399,92.70450592041016
1400,92.70450592041016
1401,92.86933135986328
1402,92.86933135986328
1403,92.86933135986328
1404,92.86933135986328
1405,92.86933135986328
1406,92.86933135986328
1407,92.93484497070312
1408,92.93484497070312
1409,92.93484497070312
1410,92.93484497070312
1411,92.93484497070312
1412,92.93484497070312
1413,92.93484497070312
1414,92.93484497070312
1415,92.93484497070312
1416,92.93484497070312
1417,92.93484497070312
1418,92.93484497070312
1419,92.93484497070312
1420,92.93484497070312
1421,92.93484497070312
1422,92.93484497070312
1423,92.93484497070312
1424,93.08525085449219
1425,93.08525085449219
1426,93.18553924560547
1427,93.18553924560547
1428,93.18553924560547
1429,93.18553924560547
1430,93.18553924560547
1431,93.388916015625
1432,93.388916015625
1433,93.388916015625
1434,93.5313720703125
1435,93.5313720703125
1436,93.67450714111328
1437,93.67450714111328
1438,93.67450714111328
1439,94.07740020751953
1440,94.19003295898438
1441,94.19003295898438
1442,94.19003295898438
1443,94.19003295898438
1444,94.19003295898438
1445,94.19003295898438
1446,94.19003295898438
1447,94.19003295898438
1448,94.19003295898438
1449,94.19003295898438
1450,94.19003295898438
1451,94.19003295898438
1452,94.19003295898438
1453,94.19003295898438
1454,94.19003295898438
1455,94.19003295898438
1456,94.19003295898438
1457,94.19003295898438
1458,94.19003295898438
1459,94.19003295898438
1460,94.19003295898438
1461,94.19003295898438
1462,94.19003295898438
1463,94.19003295898438
1464,94.19003295898438
1465,94.19003295898438
1466,94.19003295898438
1467,94.19003295898438
1468,94.19003295898438
1469,94.19003295898438
1470,94.19003295898438
1471,94.19003295898438
1472,94.19003295898438
1473,94.19003295898438
1474,98.63860321044922
1475,98.63860321044922
1476,98.63860321044922
1477,98.63860321044922
1478,98.63860321044922
1479,98.63860321044922
1480,98.63860321044922
1481,98.63860321044922
1482,98.63860321044922
1483,98.63860321044922
1484,98.63860321044922
1485,98.63860321044922
1486,98.63860321044922
1487,98.63860321044922
1488,98.63860321044922
1489,98.63860321044922
1490,98.63860321044922
1491,98.63860321044922
1492,98.63860321044922
1493,98.63860321044922
1494,98.63860321044922
1495,98.63860321044922
1496,98.63860321044922
1497,98.63860321044922
1498,98.63860321044922
1499,98.63860321044922
1500,98.63860321044922
1501,98.63860321044922
1502,98.63860321044922
1503,98.63860321044922
1504,98.63860321044922
1505,98.63860321044922
1506,98.63860321044922
1507,98.63860321044922
1508,98.63860321044922
1509,98.63860321044922
1510,98.63860321044922
1511,98.63860321044922
1512,98.63860321044922
1513,98.63860321044922
1514,98.63860321044922
1515,98.63860321044922
1516,98.63860321044922
1517,98.63860321044922
1518,98.63860321044922
1519,98.63860321044922
1520,98.63860321044922
1521,98.63860321044922
1522,98.63860321044922
1523,98.63860321044922
1524,98.63860321044922
1525,98.63860321044922
1526,98.63860321044922
1527,98.63860321044922
1528,98.63860321044922
1529,98.63860321044922
1530,98.63860321044922
1531,98.63860321044922
1532,98.63860321044922
1533,98.63860321044922
1534,98.63860321044922
1535,98.63860321044922
1536,98.63860321044922
1537,98.63860321044922
1538,98.63860321044922
1539,98.63860321044922
1540,98.63860321044922
1541,98.63860321044922
1542,98.63860321044922
1543,98.63860321044922
1544,98.63860321044922
1545,98.63860321044922
1546,98.63860321044922
1547,98.63860321044922
1548,98.63860321044922
1549,98.63860321044922
1550,98.63860321044922
1551,98.63860321044922
1552,98.63860321044922
1553,98.63860321044922
1554,98.63860321044922
1555,98.63860321044922
1556,98.63860321044922
1557,98.63860321044922
1558,98.63860321044922
1559,98.63860321044922
1560,98.63860321044922
1561,98.63860321044922
1562,98.63860321044922
1563,98.63860321044922
1564,98.63860321044922
1565,98.63860321044922
1566,98.63860321044922
1567,98.63860321044922
1568,98.63860321044922
1569,98.63860321044922
1570,98.63860321044922
1571,98.63860321044922
1572,98.63860321044922
1573,98.63860321044922
1574,98.63860321044922
1575,98.63860321044922
1576,98.63860321044922
1577,98.63860321044922
1578,98.63860321044922
1579,98.63860321044922
1580,98.63860321044922
1581,98.63860321044922
1582,98.63860321044922
1583,98.63860321044922
1584,98.63860321044922
1585,98.63860321044922
1586,98.63860321044922
1587,98.63860321044922
1588,98.63860321044922
1589,98.63860321044922
1590,98.63860321044922
1591,98.63860321044922
1592,98.63860321044922
1593,98.63860321044922
1594,98.63860321044922
1595,98.63860321044922
1596,98.63860321044922
1597,98.63860321044922
1598,98.63860321044922
1599,98.63860321044922
1600,98.63860321044922
1601,98.63860321044922
1602,98.63860321044922
1603,98.63860321044922
1604,98.63860321044922
1605,98.63860321044922
1606,98.63860321044922
1607,98.63860321044922
1608,98.63860321044922
1609,98.63860321044922
1610,98.63860321044922
1611,98.63860321044922
1612,98.63860321044922
1613,98.63860321044922
1614,98.63860321044922
1615,98.63860321044922
1616,98.63860321044922
1617,98.63860321044922
1618,98.63860321044922
1619,98.63860321044922
1620,98.63860321044922
1621,98.63860321044922
1622,98.63860321044922
1623,98.63860321044922
1624,98.63860321044922
1625,98.63860321044922
1626,98.63860321044922
1627,98.63860321044922
1628,98.63860321044922
1629,98.63860321044922
1630,98.63860321044922
1631,98.63860321044922
1632,98.63860321044922
1633,98.63860321044922
1634,98.63860321044922
1635,98.63860321044922
1636,98.63860321044922
1637,98.63860321044922
1638,98.63860321044922
1639,98.63860321044922
1640,98.63860321044922
1641,98.63860321044922
1642,98.63860321044922
1643,98.63860321044922
1644,98.63860321044922
1645,98.63860321044922
1646,98.63860321044922
1647,98.63860321044922
1648,98.63860321044922
1649,98.63860321044922
1650,98.63860321044922
1651,98.63860321044922
1652,98.63860321044922
1653,98.63860321044922
1654,98.63860321044922
1655,98.63860321044922
1656,98.63860321044922
1657,98.63860321044922
1658,98.63860321044922
1659,98.63860321044922
1660,98.63860321044922
1661,98.63860321044922
1662,98.63860321044922
1663,98.63860321044922
1664,98.63860321044922
1665,98.63860321044922
1666,98.63860321044922
1667,98.63860321044922
1668,98.63860321044922
1669,98.63860321044922
1670,98.63860321044922
1671,98.63860321044922
1672,98.63860321044922
1673,98.63860321044922
1674,98.64881134033203
1675,98.64881134033203
1676,98.64881134033203
1677,98.64881134033203
1678,98.64881134033203
1679,98.64881134033203
1680,98.64881134033203
1681,98.64881134033203
1682,98.64881134033203
1683,98.64881134033203
1684,98.64881134033203
1685,98.64881134033203
1686,98.64881134033203
1687,98.64881134033203
1688,98.64881134033203
1689,98.64881134033203
1690,98.70356750488281
1691,98.70356750488281
1692,98.70356750488281
1693,98.8349838256836
1694,98.8349838256836
1695,98.8349838256836
1696,98.8349838256836
1697,98.8349838256836
1698,98.8349838256836
1699,98.8349838256836
1700,98.8349838256836
1701,98.8349838256836
1702,98.8349838256836
1703,98.8349838256836
1704,98.8349838256836
1705,98.83504486083984
1706,98.83504486083984
1707,98.83504486083984
1708,98.83504486083984
1709,99.03269958496094
1710,99.1224365234375
1711,99.1224365234375
1712,99.1224365234375
1713,99.1224365234375
1714,99.1224365234375
1715,99.51065826416016
1716,99.76258850097656
1717,99.76258850097656
1718,100.06465911865234
1719,100.06465911865234
1720,100.06465911865234
1721,100.06465911865234
1722,100.06465911865234
1723,100.06465911865234
1724,100.06465911865234
1725,100.20500183105469
1726,100.62396240234375
1727,100.62396240234375
1728,100.62396240234375
1729,100.62396240234375
1730,100.62396240234375
1731,100.62396240234375
1732,100.62396240234375
1733,100.62396240234375
1734,100.62396240234375
1735,100.62396240234375
1736,100.82614135742188
1737,100.82614135742188
1738,100.82614135742188
1739,100.82614135742188
1740,100.83473205566406
1741,100.83473205566406
1742,100.83473205566406
1743,100.83473205566406
1744,100.83473205566406
1745,100.83473205566406
1746,101.10771179199219
1747,101.10771179199219
1748,101.21076965332031
1749,101.21076965332031
1750,101.71454620361328
1751,101.71454620361328
1752,101.71454620361328
1753,101.71454620361328
1754,101.71454620361328
1755,101.71454620361328
1756,101.71454620361328
1757,101.71454620361328
1758,101.71454620361328
1759,101.71454620361328
1760,102.3443374633789
1761,102.3443374633789
1762,102.3443374633789
1763,102.3443374633789
1764,102.3443374633789
1765,102.3443374633789
1766,102.3443374633789
1767,102.3443374633789
1768,102.3443374633789
1769,102.3443374633789
1770,102.61734771728516
1771,103.13194274902344
1772,103.13194274902344
1773,103.13194274902344
1774,103.23979949951172
1775,103.23979949951172
1776,103.46065521240234
1777,103.46065521240234
1778,103.52274322509766
1779,103.72823333740234
1780,103.93588256835938
1781,103.93588256835938
1782,103.9572525024414
1783,104.13912963867188
1784,104.13912963867188
1785,104.13912963867188
1786,104.15658569335938
1787,104.15658569335938
1788,104.15658569335938
1789,104.15658569335938
1790,104.15658569335938
1791,104.15658569335938
1792,104.15658569335938
1793,104.15658569335938
1794,104.18862915039062
1795,104.44766235351562
1796,104.49874114990234
1797,105.80345153808594
1798,105.80345153808594
1799,105.80345153808594
1800,105.80345153808594
1801,105.80345153808594
1802,105.80345153808594
1803,105.80345153808594
1804,105.80345153808594
1805,105.80345153808594
1806,105.80345153808594
1807,105.80345153808594
1808,105.80345153808594
1809,105.80345153808594
1810,105.80345153808594
1811,105.80345153808594
1812,105.80345153808594
1813,105.80345153808594
1814,105.80345153808594
1815,105.80345153808594
1816,107.96553039550781
1817,107.96553039550781
1818,107.96553039550781
1819,107.96553039550781
1820,107.96553039550781
1821,107.96553039550781
1822,107.96553039550781
1823,107.96553039550781
1824,107.96553039550781
1825,107.96553039550781
1826,107.96553039550781
1827,107.96553039550781
1828,107.96553039550781
1829,107.96553039550781
1830,107.96553039550781
1831,107.96553039550781
1832,107.96553039550781
1833,107.96553039550781
1834,108.21035766601562
1835,108.21035766601562
1836,108.21035766601562
1837,108.21035766601562
1838,108.7467269897461
1839,108.7467269897461
1840,108.7467269897461
1841,108.7467269897461
1842,108.7467269897461
1843,108.7467269897461
1844,108.7467269897461
1845,108.7467269897461
1846,108.7467269897461
1847,109.2841796875
1848,109.2841796875
1849,109.2841796875
1850,109.2841796875
1851,109.2841796875
1852,109.2841796875
1853,109.9906234741211
1854,109.9906234741211
1855,109.9906234741211
1856,109.9906234741211
1857,110.33363342285156
1858,110.33363342285156
1859,110.33363342285156
1860,110.53746032714844
1861,110.85870361328125
1862,111.31201934814453
1863,111.4365234375
1864,111.89939880371094
1865,111.89939880371094
1866,111.89939880371094
1867,112.20327758789062
1868,112.36602020263672
1869,112.6888656616211
1870,113.13536834716797
1871,113.13536834716797
1872,113.18304443359375
1873,113.34261322021484
1874,113.55113220214844
1875,113.61100006103516
1876,113.9681167602539
1877,113.9681167602539
1878,114.46653747558594
1879,114.46653747558594
1880,114.6107406616211
1881,114.6107406616211
1882,115.04389953613281
1883,115.04389953613281
1884,115.04389953613281
1885,115.04389953613281
1886,115.30900573730469
1887,115.30900573730469
1888,115.96729278564453
1889,115.96729278564453
1890,115.96729278564453
1891,116.8779296875
1892,116.8779296875
1893,116.8779296875
1894,116.8779296875
1895,116.8779296875
1896,116.8779296875
1897,117.84637451171875
1898,117.84637451171875
1899,117.84637451171875
1900,117.84637451171875
1901,118.47750854492188
1902,118.78779602050781
1903,121.73054504394531
1904,121.73054504394531
1905,121.73054504394531
1906,121.73054504394531
1907,121.73054504394531
1908,121.73054504394531
1909,121.73054504394531
1910,121.73054504394531
1911,121.73054504394531
1912,121.73054504394531
1913,121.73054504394531
1914,121.73054504394531
1915,121.73054504394531
1916,121.73054504394531
1917,121.73054504394531
1918,122.16720581054688
1919,122.32389831542969
1920,122.70979309082031
1921,122.70979309082031
1922,122.70979309082031
1923,123.21699523925781
1924,123.7975845336914
1925,124.00863647460938
1926,124.00863647460938
1927,124.1827392578125
1928,124.1827392578125
1929,124.45423889160156
1930,125.10193634033203
1931,125.57353973388672
1932,125.57353973388672
1933,125.7070541381836
1934,125.7070541381836
1935,126.0361099243164
1936,126.0361099243164
1937,126.58935546875
1938,127.33235931396484
1939,127.9402084350586
1940,128.68067932128906
1941,129.32688903808594
1942,130.13681030273438
1943,130.99009704589844
1944,131.45706176757812
1945,131.45706176757812
1946,131.45706176757812
1947,131.45706176757812
1948,131.45706176757812
1949,132.1712646484375
1950,133.15774536132812
1951,133.5262908935547
1952,134.55345153808594
1953,135.34425354003906
1954,136.31504821777344
1955,137.2712860107422
1956,137.2712860107422
1957,137.2712860107422
1958,137.2712860107422
1959,138.279541015625
1960,139.34124755859375
1961,140.76315307617188
1962,141.93312072753906
1963,142.91944885253906
1964,142.91944885253906
1965,143.2456512451172
1966,143.70228576660156
1967,143.70228576660156
1968,144.99156188964844
1969,146.58517456054688
1970,147.5874481201172
1971,147.87271118164062
1972,147.87271118164062
1973,147.87271118164062
1974,147.87271118164062
1975,149.48403930664062
1976,149.48403930664062
1977,151.21844482421875
1978,151.21844482421875
1979,152.80995178222656
1980,154.89878845214844
1981,156.9385528564453
1982,157.40994262695312
1983,159.62109375
1984,161.783935546875
1985,161.783935546875
1986,161.783935546875
1987,163.9903106689453
1988,163.9903106689453
1989,166.4598846435547
1990,169.156005859375
1991,169.156005859375
1992,172.22352600097656
1993,175.29049682617188
1994,178.92576599121094
1995,178.92576599121094
1996,178.92576599121094
1997,183.2952117919922
1998,188.08071899414062
1999,197.8235626220703
2000,197.8235626220703
