kpi_metric_id,task_id,resource_ids,task_weight,resource_weight
1,1,"[1, 2, 3, 4, 5, 6, 7, 8, 9, 10, 11, 12, 13, 14, 15, 16, 17, 18, 19, 20]",0.2219418807728546,"[0.06157318502664566, 0.08025532215833664, 0.04620586708188057, 0.05723018944263458, 0.030866192653775215, 0.05331861600279808, 0.05857252702116966, 0.06881438195705414, 0.03172563016414642, 0.06627441942691803, 0.03267434611916542, 0.10552659630775452, 0.03448758274316788, 0.03289174288511276, 0.07041596621274948, 0.09318529069423676, 0.04917648062109947, 0.055470120161771774, 0.052466701716184616, 0.04315309599041939]"
1,2,"[1, 2, 3, 4, 5, 6, 7, 8, 9, 10, 11, 12, 13, 14, 15, 16, 17, 18, 19, 20]",0.1657409290139544,"[0.052877750247716904, 0.03628572076559067, 0.07266774028539658, 0.06100089102983475, 0.04044079780578613, 0.03801828995347023, 0.05427773296833038, 0.07684626430273056, 0.034744732081890106, 0.046147361397743225, 0.04496326297521591, 0.06542152166366577, 0.04313066229224205, 0.07523221522569656, 0.04444652050733566, 0.04243523254990578, 0.05422399565577507, 0.07675037533044815, 0.055209722369909286, 0.07805340737104416]"
1,3,"[1, 2, 3, 4, 5, 6, 7, 8, 9, 10, 11, 12, 13, 14, 15, 16, 17, 18, 19, 20]",0.4509756208732486,"[0.07821443676948547, 0.03610078617930412, 0.07078786194324493, 0.08655543625354767, 0.028972648084163666, 0.08158476650714874, 0.052534155547618866, 0.07445653527975082, 0.056390032172203064, 0.0523369163274765, 0.07788300514221191, 0.06262233853340149, 0.07844098657369614, 0.045817796140909195, 0.08262403309345245, 0.048691850155591965, 0.06200239062309265, 0.05683176591992378, 0.04683658480644226, 0.04655616357922554]"
1,4,"[1, 2, 3, 4, 5, 6, 7, 8, 9, 10, 11, 12, 13, 14, 15, 16, 17, 18, 19, 20]",0.1613415693399423,"[0.04051506146788597, 0.03938325494527817, 0.05577336996793747, 0.05528363958001137, 0.03815516084432602, 0.04193780571222305, 0.07861543446779251, 0.06542472541332245, 0.07518668472766876, 0.05096497759222984, 0.05947740003466606, 0.0712992399930954, 0.0790330246090889, 0.04597371444106102, 0.06465503573417664, 0.057123903185129166, 0.058381251990795135, 0.04518001899123192, 0.06215791404247284, 0.06548713892698288]"
2,5,"[1, 2, 3, 4, 5, 6, 7, 8, 9, 10, 11, 12, 13, 14, 15, 16, 17, 18, 19, 20]",0.2148026828835411,"[0.044633135199546814, 0.04367360100150108, 0.07748033106327057, 0.07880356907844543, 0.039592891931533813, 0.04520375654101372, 0.02202431485056877, 0.03378342092037201, 0.06699153035879135, 0.05259089916944504, 0.0830775648355484, 0.0418284609913826, 0.09189244359731674, 0.07381782680749893, 0.03946175426244736, 0.06801128387451172, 0.0282457135617733, 0.0664973109960556, 0.07907608151435852, 0.03915254771709442]"
2,6,"[1, 2, 3, 4, 5, 6, 7, 8, 9, 10, 11, 12, 13, 14, 15, 16, 17, 18, 19, 20]",0.4378952946796354,"[0.05103491246700287, 0.009096818044781685, 0.0703427791595459, 0.061012040823698044, 0.06383395195007324, 0.042984865605831146, 0.06296376883983612, 0.04594298452138901, 0.04792417585849762, 0.08411702513694763, 0.04091322049498558, 0.05596642196178436, 0.05211687460541725, 0.0737747773528099, 0.06685017049312592, 0.0488494411110878, 0.046378880739212036, 0.04851984605193138, 0.07331464439630508, 0.0505191944539547]"
2,7,"[1, 2, 3, 4, 5, 6, 7, 8, 9, 10, 11, 12, 13, 14, 15, 16, 17, 18, 19, 20]",0.0732201668494727,"[0.03353315219283104, 0.038251735270023346, 0.06158789247274399, 0.026669325307011604, 0.05269496887922287, 0.05838872492313385, 0.0416194424033165, 0.075646311044693, 0.028756432235240936, 0.0296104047447443, 0.07511633634567261, 0.050252363085746765, 0.055497780442237854, 0.030461560934782028, 0.08105816692113876, 0.06126612052321434, 0.039165057241916656, 0.09141357988119125, 0.09551965445280075, 0.07776755839586258]"
2,8,"[1, 2, 3, 4, 5, 6, 7, 8, 9, 10, 11, 12, 13, 14, 15, 16, 17, 18, 19, 20]",0.2740818555873507,"[0.07806265354156494, 0.03459426388144493, 0.04865257441997528, 0.04874200373888016, 0.05748315900564194, 0.05578039959073067, 0.051090091466903687, 0.053901515901088715, 0.030464183539152145, 0.08545346558094025, 0.03417564928531647, 0.06852148473262787, 0.050201646983623505, 0.06070171296596527, 0.048681095242500305, 0.019440416246652603, 0.07452267408370972, 0.059615492820739746, 0.019535567611455917, 0.062042154371738434]"
3,9,"[1, 2, 3, 4, 5, 6, 7, 8, 9, 10, 11, 12, 13, 14, 15, 16, 17, 18, 19, 20]",0.5634087828773706,"[0.04559981822967529, 0.07672591507434845, 0.05913982540369034, 0.06495407968759537, 0.0641588419675827, 0.044168777763843536, 0.035792987793684006, 0.05572917312383652, 0.04084557294845581, 0.08623263239860535, 0.03077659383416176, 0.08542928844690323, 0.026860512793064117, 0.023061523213982582, 0.03733590617775917, 0.08049465715885162, 0.018235808238387108, 0.04694051295518875, 0.05724669247865677, 0.057605478912591934]"
3,10,"[1, 2, 3, 4, 5, 6, 7, 8, 9, 10, 11, 12, 13, 14, 15, 16, 17, 18, 19, 20]",0.351367840439672,"[0.09127040207386017, 0.04790937155485153, 0.04608428105711937, 0.05972966179251671, 0.038849618285894394, 0.06629111617803574, 0.0519622303545475, 0.06037689000368118, 0.041084617376327515, 0.05407737195491791, 0.07275544106960297, 0.07430674880743027, 0.07452350854873657, 0.04344048723578453, 0.047371264547109604, 0.03717312216758728, 0.04658937454223633, 0.04811345785856247, 0.04961583390831947, 0.03722304850816727]"
3,11,"[1, 2, 3, 4, 5, 6, 7, 8, 9, 10, 11, 12, 13, 14, 15, 16, 17, 18, 19, 20]",0.0206895628272031,"[0.059176087379455566, 0.020299069583415985, 0.05391022190451622, 0.09250608831644058, 0.07003915309906006, 0.05875200405716896, 0.04005081206560135, 0.07212696969509125, 0.04145831987261772, 0.061756692826747894, 0.055450376123189926, 0.04921421781182289, 0.060310423374176025, 0.083857461810112, 0.07652663439512253, 0.026624731719493866, 0.03126160055398941, 0.050469934940338135, 0.05720001831650734, 0.08701030910015106]"
3,12,"[1, 2, 3, 4, 5, 6, 7, 8, 9, 10, 11, 12, 13, 14, 15, 16, 17, 18, 19, 20]",0.064533813855754,"[0.0688432902097702, 0.04874476417899132, 0.09913072735071182, 0.054499462246894836, 0.05147356539964676, 0.051739078015089035, 0.058481983840465546, 0.07834018766880035, 0.06942252814769745, 0.049329400062561035, 0.06299100816249847, 0.038702983409166336, 0.028886059299111366, 0.07710045576095581, 0.09109199047088623, 0.07710009813308716, 0.02829509600996971, 0.05439708009362221, 0.06986142694950104, 0.05081087350845337]"
4,13,"[1, 2, 3, 4, 5, 6, 7, 8, 9, 10, 11, 12, 13, 14, 15, 16, 17, 18, 19, 20]",0.2129466568573007,"[0.041094716638326645, 0.04267728328704834, 0.06281320005655289, 0.025285761803388596, 0.058063969016075134, 0.04811714217066765, 0.0400935634970665, 0.048659853637218475, 0.06600341200828552, 0.06707298010587692, 0.019650308415293694, 0.09043782949447632, 0.0784284844994545, 0.0851726159453392, 0.07948058843612671, 0.0620972104370594, 0.07954801619052887, 0.09214101731777191, 0.06417259573936462, 0.03948216885328293]"
4,14,"[1, 2, 3, 4, 5, 6, 7, 8, 9, 10, 11, 12, 13, 14, 15, 16, 17, 18, 19, 20]",0.468750172355333,"[0.07307631522417068, 0.06090220436453819, 0.10407152771949768, 0.05637182667851448, 0.0668778270483017, 0.08033673465251923, 0.09606602787971497, 0.0400424487888813, 0.09282371401786804, 0.045612551271915436, 0.05800420418381691, 0.04215340316295624, 0.03732503578066826, 0.02816091664135456, 0.07349520921707153, 0.0804077610373497, 0.03674836456775665, 0.08226795494556427, 0.0857575312256813, 0.058688901364803314]"
4,15,"[1, 2, 3, 4, 5, 6, 7, 8, 9, 10, 11, 12, 13, 14, 15, 16, 17, 18, 19, 20]",0.2061120770073254,"[0.0522427074611187, 0.05954783409833908, 0.04696061462163925, 0.05335373431444168, 0.053769804537296295, 0.07963202893733978, 0.054621271789073944, 0.0706709623336792, 0.05150705575942993, 0.040359433740377426, 0.05983848124742508, 0.07180757820606232, 0.06919975578784943, 0.04627644643187523, 0.044043198227882385, 0.036676522344350815, 0.032196857035160065, 0.05592518299818039, 0.06866996735334396, 0.07452915608882904]"
4,16,"[1, 2, 3, 4, 5, 6, 7, 8, 9, 10, 11, 12, 13, 14, 15, 16, 17, 18, 19, 20]",0.1121910937800408,"[0.042538635432720184, 0.046134691685438156, 0.04338141530752182, 0.05943654850125313, 0.05202622339129448, 0.07557159662246704, 0.08311213552951813, 0.047273602336645126, 0.08408711850643158, 0.043546587228775024, 0.025701360777020454, 0.0240610521286726, 0.03567657247185707, 0.04525557905435562, 0.04100368544459343, 0.09695937484502792, 0.045044805854558945, 0.03765633702278137, 0.06651472300291061, 0.047393690794706345]"
5,17,"[1, 2, 3, 4, 5, 6, 7, 8, 9, 10, 11, 12, 13, 14, 15, 16, 17, 18, 19, 20]",0.3654685976684095,"[0.04143393039703369, 0.0715191438794136, 0.07320980727672577, 0.0779663696885109, 0.07581698894500732, 0.05754796043038368, 0.07110697031021118, 0.047683097422122955, 0.043003492057323456, 0.07862849533557892, 0.037519555538892746, 0.06687764823436737, 0.013531622476875782, 0.04703766852617264, 0.05136121064424515, 0.0744224563241005, 0.046228986233472824, 0.08612945675849915, 0.057773999869823456, 0.0655912458896637]"
5,18,"[1, 2, 3, 4, 5, 6, 7, 8, 9, 10, 11, 12, 13, 14, 15, 16, 17, 18, 19, 20]",0.3093843106702151,"[0.04442853480577469, 0.06109676510095596, 0.04543956741690636, 0.07184816896915436, 0.03716975077986717, 0.04608596861362457, 0.08057644218206406, 0.04846363514661789, 0.05168751999735832, 0.0759393721818924, 0.08921574801206589, 0.040135812014341354, 0.06641538441181183, 0.07931040972471237, 0.050119124352931976, 0.045167870819568634, 0.05199722573161125, 0.04246099293231964, 0.06404081732034683, 0.04070059210062027]"
5,19,"[1, 2, 3, 4, 5, 6, 7, 8, 9, 10, 11, 12, 13, 14, 15, 16, 17, 18, 19, 20]",0.1577182913661342,"[0.048593759536743164, 0.0875130221247673, 0.07077985256910324, 0.09248840808868408, 0.03504642844200134, 0.07920093089342117, 0.06663890182971954, 0.033133961260318756, 0.07174089550971985, 0.03853894770145416, 0.03523939847946167, 0.03621446341276169, 0.09031929075717926, 0.06621021032333374, 0.044275201857089996, 0.04740878939628601, 0.03363749012351036, 0.06625867635011673, 0.06345837563276291, 0.05547378212213516]"
5,20,"[1, 2, 3, 4, 5, 6, 7, 8, 9, 10, 11, 12, 13, 14, 15, 16, 17, 18, 19, 20]",0.1674288002952411,"[0.053763460367918015, 0.09548962116241455, 0.061246465891599655, 0.07615052908658981, 0.047658175230026245, 0.05251457914710045, 0.050731442868709564, 0.059614397585392, 0.04743398353457451, 0.06408557295799255, 0.04969106614589691, 0.033465676009655, 0.02894483134150505, 0.030362028628587723, 0.0365220345556736, 0.05849742144346237, 0.02302362769842148, 0.05131685361266136, 0.06678970158100128, 0.050869621336460114]"
6,21,"[1, 2, 3, 4, 5, 6, 7, 8, 9, 10, 11, 12, 13, 14, 15, 16, 17, 18, 19, 20]",0.1830970776465288,"[0.05258326232433319, 0.036875419318675995, 0.05313817411661148, 0.025739263743162155, 0.03514716774225235, 0.029304087162017822, 0.044717948883771896, 0.08179288357496262, 0.050425730645656586, 0.04929034039378166, 0.0678594708442688, 0.04949413985013962, 0.031572967767715454, 0.050168491899967194, 0.08076570928096771, 0.04977069050073624, 0.07316998392343521, 0.05223339423537254, 0.057426854968070984, 0.053898733109235764]"
6,22,"[1, 2, 3, 4, 5, 6, 7, 8, 9, 10, 11, 12, 13, 14, 15, 16, 17, 18, 19, 20]",0.1830454510026811,"[0.046025600284338, 0.08531462401151657, 0.07403545081615448, 0.04965468496084213, 0.05377878621220589, 0.0688825249671936, 0.07984378933906555, 0.04693884775042534, 0.05518176406621933, 0.08071473985910416, 0.07528246194124222, 0.05896507203578949, 0.037938594818115234, 0.0465334914624691, 0.06612123548984528, 0.04481714218854904, 0.0717567577958107, 0.07503782212734222, 0.05769169703125954, 0.049048058688640594]"
6,23,"[1, 2, 3, 4, 5, 6, 7, 8, 9, 10, 11, 12, 13, 14, 15, 16, 17, 18, 19, 20]",0.5099504408509475,"[0.04058707132935524, 0.026980726048350334, 0.0582733191549778, 0.05964615195989609, 0.027781758457422256, 0.077808678150177, 0.04367077350616455, 0.0657309889793396, 0.035290107131004333, 0.08043364435434341, 0.05056305229663849, 0.06642945110797882, 0.0647001564502716, 0.03443753719329834, 0.04467665031552315, 0.09679629653692245, 0.04931759461760521, 0.06215351074934006, 0.07187424600124359, 0.032480835914611816]"
6,24,"[1, 2, 3, 4, 5, 6, 7, 8, 9, 10, 11, 12, 13, 14, 15, 16, 17, 18, 19, 20]",0.1239070304998424,"[0.09236341714859009, 0.04919327795505524, 0.07911130785942078, 0.052180830389261246, 0.054148536175489426, 0.059116262942552567, 0.04401989281177521, 0.03671655431389809, 0.08194617927074432, 0.06839598715305328, 0.06516702473163605, 0.07881704717874527, 0.050737492740154266, 0.08818726241588593, 0.03883277624845505, 0.05363461375236511, 0.061982106417417526, 0.04981224611401558, 0.060888417065143585, 0.043172743171453476]"
7,25,"[1, 2, 3, 4, 5, 6, 7, 8, 9, 10, 11, 12, 13, 14, 15, 16, 17, 18, 19, 20]",0.1207914597171888,"[0.08789965510368347, 0.057921938598155975, 0.08162222802639008, 0.0751245990395546, 0.07437140494585037, 0.05632728710770607, 0.03704988956451416, 0.08974515646696091, 0.03672374039888382, 0.04914119467139244, 0.08105886727571487, 0.06953457742929459, 0.08584994077682495, 0.07848767936229706, 0.06534681469202042, 0.06784659624099731, 0.07125654071569443, 0.07474914938211441, 0.04113040119409561, 0.04599875956773758]"
7,26,"[1, 2, 3, 4, 5, 6, 7, 8, 9, 10, 11, 12, 13, 14, 15, 16, 17, 18, 19, 20]",0.2484164380240241,"[0.04931928962469101, 0.05000310391187668, 0.10616596043109894, 0.09546220302581787, 0.07784547656774521, 0.04095303639769554, 0.030089933425188065, 0.06626845896244049, 0.018801381811499596, 0.06340332329273224, 0.07285607606172562, 0.07187261432409286, 0.062273263931274414, 0.04314226284623146, 0.030763152986764908, 0.06309282779693604, 0.08830984681844711, 0.045333702117204666, 0.045383110642433167, 0.04028527811169624]"
7,27,"[1, 2, 3, 4, 5, 6, 7, 8, 9, 10, 11, 12, 13, 14, 15, 16, 17, 18, 19, 20]",0.1315499791294312,"[0.07520989328622818, 0.07914488017559052, 0.06473135948181152, 0.04085236042737961, 0.04796765744686127, 0.02562170848250389, 0.05109420046210289, 0.055925361812114716, 0.08143197745084763, 0.047121621668338776, 0.07654634118080139, 0.052389200776815414, 0.06777950376272202, 0.0630929097533226, 0.04905647039413452, 0.034855566918849945, 0.07573376595973969, 0.06090027838945389, 0.045767299830913544, 0.05247373878955841]"
7,28,"[1, 2, 3, 4, 5, 6, 7, 8, 9, 10, 11, 12, 13, 14, 15, 16, 17, 18, 19, 20]",0.4992421231293557,"[0.07008466124534607, 0.03726787865161896, 0.01840493455529213, 0.034732572734355927, 0.036472663283348083, 0.08202367275953293, 0.07493189722299576, 0.051275834441185, 0.05389932170510292, 0.06881755590438843, 0.04921011999249458, 0.057069651782512665, 0.039940185844898224, 0.039796359837055206, 0.060846373438835144, 0.0859852284193039, 0.049847666174173355, 0.053192149847745895, 0.08085213601589203, 0.08392033725976944]"
8,29,"[1, 2, 3, 4, 5, 6, 7, 8, 9, 10, 11, 12, 13, 14, 15, 16, 17, 18, 19, 20]",0.024308592065341,"[0.05726039409637451, 0.08612968772649765, 0.07023206353187561, 0.05436208099126816, 0.07622400671243668, 0.07382043451070786, 0.0696379616856575, 0.03474787250161171, 0.07331018149852753, 0.022981490939855576, 0.06757533550262451, 0.08467820286750793, 0.07694780081510544, 0.05152204632759094, 0.04923199862241745, 0.06156611815094948, 0.07309865206480026, 0.067713163793087, 0.05275995284318924, 0.06694549322128296]"
8,30,"[1, 2, 3, 4, 5, 6, 7, 8, 9, 10, 11, 12, 13, 14, 15, 16, 17, 18, 19, 20]",0.2897708729232794,"[0.03488781675696373, 0.03205318748950958, 0.04533073306083679, 0.03377723693847656, 0.08009954541921616, 0.047351472079753876, 0.04913249611854553, 0.04336835816502571, 0.048842545598745346, 0.07169987261295319, 0.03947948291897774, 0.061375997960567474, 0.05344194173812866, 0.06419609487056732, 0.10002266615629196, 0.0680096298456192, 0.043171778321266174, 0.044569145888090134, 0.09718571603298187, 0.04483523219823837]"
8,31,"[1, 2, 3, 4, 5, 6, 7, 8, 9, 10, 11, 12, 13, 14, 15, 16, 17, 18, 19, 20]",0.3390405713707559,"[0.031551651656627655, 0.07524900883436203, 0.06013152748346329, 0.05947469174861908, 0.03239237517118454, 0.07048148661851883, 0.01690961979329586, 0.06237411871552467, 0.07127628475427628, 0.06901973485946655, 0.04063618183135986, 0.03613429516553879, 0.04799891263246536, 0.07225806266069412, 0.07904693484306335, 0.046827249228954315, 0.07399006932973862, 0.07594001293182373, 0.08898484706878662, 0.04222806543111801]"
8,32,"[1, 2, 3, 4, 5, 6, 7, 8, 9, 10, 11, 12, 13, 14, 15, 16, 17, 18, 19, 20]",0.3468799636406235,"[0.0646895319223404, 0.08725433051586151, 0.05161428824067116, 0.07222414016723633, 0.08489985764026642, 0.03555067256093025, 0.04167044162750244, 0.06638365238904953, 0.06351284682750702, 0.072548046708107, 0.0525786392390728, 0.06398371607065201, 0.07504928857088089, 0.035833459347486496, 0.038477957248687744, 0.0712655633687973, 0.0691973939538002, 0.08292113989591599, 0.06969057023525238, 0.04519335925579071]"
9,33,"[1, 2, 3, 4, 5, 6, 7, 8, 9, 10, 11, 12, 13, 14, 15, 16, 17, 18, 19, 20]",0.1851944940782892,"[0.06287534534931183, 0.04629259929060936, 0.0733942836523056, 0.06944981217384338, 0.03608045354485512, 0.047620050609111786, 0.07620261609554291, 0.10754744708538055, 0.06394320726394653, 0.06688553094863892, 0.051782939583063126, 0.07952011376619339, 0.06334614008665085, 0.052452512085437775, 0.0686957985162735, 0.03708764165639877, 0.058438051491975784, 0.08018656820058823, 0.04428094998002052, 0.05503251776099205]"
9,34,"[1, 2, 3, 4, 5, 6, 7, 8, 9, 10, 11, 12, 13, 14, 15, 16, 17, 18, 19, 20]",0.3404661519527653,"[0.06412370502948761, 0.051023855805397034, 0.02816193923354149, 0.07191843539476395, 0.06641014665365219, 0.0802977904677391, 0.04172424226999283, 0.05116129666566849, 0.07375576347112656, 0.03892253711819649, 0.038111381232738495, 0.07376552373170853, 0.05129801109433174, 0.054525792598724365, 0.05296272784471512, 0.07639822363853455, 0.04539644718170166, 0.05982377380132675, 0.07217901945114136, 0.04001770168542862]"
9,35,"[1, 2, 3, 4, 5, 6, 7, 8, 9, 10, 11, 12, 13, 14, 15, 16, 17, 18, 19, 20]",0.1682416811882384,"[0.09442543983459473, 0.03416188433766365, 0.05375286564230919, 0.06600659340620041, 0.06408500671386719, 0.053781915456056595, 0.060558710247278214, 0.03887868672609329, 0.06798728555440903, 0.06557068228721619, 0.06169220432639122, 0.048622727394104004, 0.032334279268980026, 0.06608410179615021, 0.08211837708950043, 0.047259584069252014, 0.041661955416202545, 0.06044463813304901, 0.04369880259037018, 0.04021991044282913]"
9,36,"[1, 2, 3, 4, 5, 6, 7, 8, 9, 10, 11, 12, 13, 14, 15, 16, 17, 18, 19, 20]",0.306097672780707,"[0.05413487181067467, 0.06725076586008072, 0.07896411418914795, 0.08035945892333984, 0.06337620317935944, 0.03698274865746498, 0.030694762244820595, 0.0783236026763916, 0.056014224886894226, 0.06280505657196045, 0.03555317223072052, 0.04262764751911163, 0.06515765190124512, 0.05447601154446602, 0.03976477310061455, 0.08470180630683899, 0.021472588181495667, 0.07489004731178284, 0.05190325155854225, 0.07397954910993576]"
10,37,"[1, 2, 3, 4, 5, 6, 7, 8, 9, 10, 11, 12, 13, 14, 15, 16, 17, 18, 19, 20]",0.1628424062130259,"[0.044946469366550446, 0.03985185921192169, 0.022228511050343513, 0.07069621980190277, 0.04944385588169098, 0.050112199038267136, 0.07741634547710419, 0.032013483345508575, 0.05344517156481743, 0.04997384548187256, 0.04010206088423729, 0.05999256670475006, 0.05306515842676163, 0.0829349011182785, 0.08129458129405975, 0.03848975524306297, 0.07783249020576477, 0.037395015358924866, 0.06893695145845413, 0.06710509955883026]"
10,38,"[1, 2, 3, 4, 5, 6, 7, 8, 9, 10, 11, 12, 13, 14, 15, 16, 17, 18, 19, 20]",0.2406389491264751,"[0.0962618812918663, 0.09116016328334808, 0.09540419280529022, 0.03945448249578476, 0.05742933973670006, 0.061067771166563034, 0.07005360722541809, 0.05618920549750328, 0.07413805276155472, 0.07690830528736115, 0.058544427156448364, 0.04709669575095177, 0.067618727684021, 0.11470229923725128, 0.04508141428232193, 0.04640042036771774, 0.04925481975078583, 0.06811892986297607, 0.08260908722877502, 0.06406164169311523]"
10,39,"[1, 2, 3, 4, 5, 6, 7, 8, 9, 10, 11, 12, 13, 14, 15, 16, 17, 18, 19, 20]",0.3005413436777845,"[0.05217455327510834, 0.043281085789203644, 0.06394799798727036, 0.024910036474466324, 0.08875362575054169, 0.07153589278459549, 0.04365553334355354, 0.04014973342418671, 0.02530217356979847, 0.05251431092619896, 0.046965207904577255, 0.070116326212883, 0.033536843955516815, 0.08253182470798492, 0.08014580607414246, 0.0472622886300087, 0.05908028036355972, 0.07551633566617966, 0.06132455915212631, 0.05319024994969368]"
10,40,"[1, 2, 3, 4, 5, 6, 7, 8, 9, 10, 11, 12, 13, 14, 15, 16, 17, 18, 19, 20]",0.2959773009827144,"[0.05805147439241409, 0.04255623370409012, 0.037748340517282486, 0.04903995618224144, 0.06293702870607376, 0.05351991951465607, 0.044514432549476624, 0.04107755050063133, 0.08056766539812088, 0.0591256357729435, 0.059627044945955276, 0.04956795275211334, 0.07193509489297867, 0.060734979808330536, 0.04329888895153999, 0.07091470062732697, 0.06019316241145134, 0.018001994118094444, 0.04481695219874382, 0.07922843843698502]"
11,41,"[1, 2, 3, 4, 5, 6, 7, 8, 9, 10, 11, 12, 13, 14, 15, 16, 17, 18, 19, 20]",0.2338452602048405,"[0.08371700346469879, 0.04972732439637184, 0.04270163178443909, 0.05415640398859978, 0.046460941433906555, 0.06443443149328232, 0.050423070788383484, 0.060189347714185715, 0.07064265012741089, 0.054637402296066284, 0.04199592024087906, 0.06741280853748322, 0.0518631637096405, 0.0442851223051548, 0.04585207626223564, 0.03463392332196236, 0.07638295739889145, 0.0469316728413105, 0.0635487288236618, 0.07848610728979111]"
11,42,"[1, 2, 3, 4, 5, 6, 7, 8, 9, 10, 11, 12, 13, 14, 15, 16, 17, 18, 19, 20]",0.2231262706452441,"[0.05610479786992073, 0.04452504962682724, 0.0639936551451683, 0.07342489063739777, 0.05619334429502487, 0.07334543019533157, 0.1178269311785698, 0.050551168620586395, 0.06945840269327164, 0.05389425531029701, 0.05587209388613701, 0.047682665288448334, 0.04533038288354874, 0.06538885831832886, 0.06294447183609009, 0.07513463497161865, 0.07069297134876251, 0.0790603831410408, 0.024384306743741035, 0.06839438527822495]"
11,43,"[1, 2, 3, 4, 5, 6, 7, 8, 9, 10, 11, 12, 13, 14, 15, 16, 17, 18, 19, 20]",0.3353697695937495,"[0.05379538983106613, 0.04631178453564644, 0.08406493812799454, 0.06721723079681396, 0.07208210229873657, 0.0845760703086853, 0.06536595523357391, 0.056341078132390976, 0.06283301115036011, 0.04302723705768585, 0.05697117745876312, 0.05020064488053322, 0.05453363433480263, 0.06358995288610458, 0.04052382707595825, 0.024859752506017685, 0.02682240679860115, 0.07885096967220306, 0.0722946897149086, 0.08087284862995148]"
11,44,"[1, 2, 3, 4, 5, 6, 7, 8, 9, 10, 11, 12, 13, 14, 15, 16, 17, 18, 19, 20]",0.2076586995561658,"[0.07444481551647186, 0.08152645081281662, 0.043583326041698456, 0.020390789955854416, 0.05244620516896248, 0.050884004682302475, 0.058929167687892914, 0.044797759503126144, 0.05130619928240776, 0.08481389284133911, 0.09964889287948608, 0.07531319558620453, 0.08515733480453491, 0.04808248579502106, 0.10003028810024261, 0.04333474114537239, 0.0427832268178463, 0.07248273491859436, 0.07289568334817886, 0.030197028070688248]"
12,45,"[1, 2, 3, 4, 5, 6, 7, 8, 9, 10, 11, 12, 13, 14, 15, 16, 17, 18, 19, 20]",0.0654030965428622,"[0.04239692911505699, 0.04429683834314346, 0.0667431503534317, 0.08235469460487366, 0.061199355870485306, 0.07833540439605713, 0.02323681116104126, 0.04956567659974098, 0.04568125680088997, 0.07209428399801254, 0.07635640352964401, 0.05524054169654846, 0.02965378202497959, 0.05878771096467972, 0.05994998663663864, 0.07378479838371277, 0.04268598183989525, 0.05631760135293007, 0.017231430858373642, 0.04549182951450348]"
12,46,"[1, 2, 3, 4, 5, 6, 7, 8, 9, 10, 11, 12, 13, 14, 15, 16, 17, 18, 19, 20]",0.2268698611436757,"[0.046622134745121, 0.05076618492603302, 0.08103989064693451, 0.06477697938680649, 0.0688786581158638, 0.04028155654668808, 0.07524477690458298, 0.057183198630809784, 0.07762741297483444, 0.10109619051218033, 0.07507884502410889, 0.04950861260294914, 0.05984135717153549, 0.041205961257219315, 0.0646587610244751, 0.04929036647081375, 0.044373683631420135, 0.03553786128759384, 0.0506298653781414, 0.09550591558218002]"
12,47,"[1, 2, 3, 4, 5, 6, 7, 8, 9, 10, 11, 12, 13, 14, 15, 16, 17, 18, 19, 20]",0.0639034334313287,"[0.059334736317396164, 0.07752864807844162, 0.04037407040596008, 0.0747600868344307, 0.07910740375518799, 0.06828288733959198, 0.049425892531871796, 0.04087807983160019, 0.04979068413376808, 0.07098402827978134, 0.06164155527949333, 0.06955202668905258, 0.041617538779973984, 0.05667094886302948, 0.062176745384931564, 0.03345046937465668, 0.07583937793970108, 0.0997573733329773, 0.04877622053027153, 0.07634057104587555]"
12,48,"[1, 2, 3, 4, 5, 6, 7, 8, 9, 10, 11, 12, 13, 14, 15, 16, 17, 18, 19, 20]",0.6438236088821333,"[0.05924155190587044, 0.055528320372104645, 0.08891507238149643, 0.0447029173374176, 0.07992830872535706, 0.0514194592833519, 0.07473740726709366, 0.07669780403375626, 0.048447392880916595, 0.07978648692369461, 0.06477993726730347, 0.04531538113951683, 0.05878080427646637, 0.07448489964008331, 0.04699939489364624, 0.02488936297595501, 0.031996749341487885, 0.07408048212528229, 0.05013109743595123, 0.06931885331869125]"
13,49,"[1, 2, 3, 4, 5, 6, 7, 8, 9, 10, 11, 12, 13, 14, 15, 16, 17, 18, 19, 20]",0.407322940712301,"[0.04411003738641739, 0.0477207787334919, 0.06536725163459778, 0.06987419724464417, 0.0506257489323616, 0.0735478550195694, 0.052797649055719376, 0.09478171169757843, 0.08455590158700943, 0.04985184222459793, 0.051390841603279114, 0.06274621188640594, 0.03921964392066002, 0.07279404997825623, 0.049710288643836975, 0.06009111925959587, 0.05438963696360588, 0.048817820847034454, 0.07773277163505554, 0.06586255133152008]"
13,50,"[1, 2, 3, 4, 5, 6, 7, 8, 9, 10, 11, 12, 13, 14, 15, 16, 17, 18, 19, 20]",0.0463347998997382,"[0.04601051285862923, 0.05275839567184448, 0.07232666015625, 0.040747448801994324, 0.022625435143709183, 0.07275964319705963, 0.048144858330488205, 0.07463505864143372, 0.09844519197940826, 0.02374640479683876, 0.03411184623837471, 0.04285981506109238, 0.07266233116388321, 0.051936473697423935, 0.03361226245760918, 0.06554792076349258, 0.013364298269152641, 0.04724752530455589, 0.053831376135349274, 0.042540594935417175]"
13,51,"[1, 2, 3, 4, 5, 6, 7, 8, 9, 10, 11, 12, 13, 14, 15, 16, 17, 18, 19, 20]",0.4011174193162963,"[0.07841852307319641, 0.04472342133522034, 0.07900816202163696, 0.03612952306866646, 0.07849501073360443, 0.08036144822835922, 0.030247721821069717, 0.10123904794454575, 0.04798942059278488, 0.0487128421664238, 0.043942272663116455, 0.06916402280330658, 0.05464554950594902, 0.06742160022258759, 0.0728476420044899, 0.0865301638841629, 0.06564530730247498, 0.03225201368331909, 0.08583887666463852, 0.0591839998960495]"
13,52,"[1, 2, 3, 4, 5, 6, 7, 8, 9, 10, 11, 12, 13, 14, 15, 16, 17, 18, 19, 20]",0.1452248400716644,"[0.04874945059418678, 0.03568026423454285, 0.07941903918981552, 0.06650559604167938, 0.022898074239492416, 0.05864158645272255, 0.08135776221752167, 0.04928627982735634, 0.029604142531752586, 0.04010557383298874, 0.028152063488960266, 0.038245461881160736, 0.117202028632164, 0.04359591007232666, 0.07649245858192444, 0.059490788727998734, 0.05256486311554909, 0.05861106887459755, 0.05525973066687584, 0.045016445219516754]"
14,53,"[1, 2, 3, 4, 5, 6, 7, 8, 9, 10, 11, 12, 13, 14, 15, 16, 17, 18, 19, 20]",0.4320773418811734,"[0.04996851086616516, 0.062058206647634506, 0.07143845409154892, 0.04905569180846214, 0.04124834015965462, 0.035381980240345, 0.06459671258926392, 0.05354258045554161, 0.07967160642147064, 0.038439858704805374, 0.08862630277872086, 0.058421239256858826, 0.057906374335289, 0.04005156457424164, 0.03409900516271591, 0.06906737387180328, 0.07165545225143433, 0.07386346161365509, 0.09661953151226044, 0.05208658054471016]"
14,54,"[1, 2, 3, 4, 5, 6, 7, 8, 9, 10, 11, 12, 13, 14, 15, 16, 17, 18, 19, 20]",0.0448515876075058,"[0.057205017656087875, 0.033139556646347046, 0.04612908884882927, 0.08670622110366821, 0.08021938800811768, 0.058520179241895676, 0.058103788644075394, 0.03950127959251404, 0.0465719997882843, 0.0854153037071228, 0.08177591860294342, 0.07480413466691971, 0.04590709134936333, 0.044243961572647095, 0.04292217642068863, 0.04661289602518082, 0.04885026812553406, 0.04896150529384613, 0.051671791821718216, 0.05111932009458542]"
14,55,"[1, 2, 3, 4, 5, 6, 7, 8, 9, 10, 11, 12, 13, 14, 15, 16, 17, 18, 19, 20]",0.3244899820838831,"[0.043489646166563034, 0.0315595343708992, 0.05654165893793106, 0.07414048910140991, 0.07669684290885925, 0.03778683394193649, 0.07158645242452621, 0.03932521492242813, 0.022049464285373688, 0.030290385708212852, 0.06809978187084198, 0.041891030967235565, 0.07718678563833237, 0.05359255522489548, 0.04866139963269234, 0.07834131270647049, 0.04222341254353523, 0.05679171904921532, 0.04699486866593361, 0.07413159310817719]"
14,56,"[1, 2, 3, 4, 5, 6, 7, 8, 9, 10, 11, 12, 13, 14, 15, 16, 17, 18, 19, 20]",0.1985810884274375,"[0.07460823655128479, 0.07106591761112213, 0.07909634709358215, 0.0677625834941864, 0.07375700771808624, 0.0539793036878109, 0.05541045963764191, 0.047583747655153275, 0.051693886518478394, 0.05741754546761513, 0.05862700939178467, 0.06247657909989357, 0.05351407453417778, 0.0486396849155426, 0.07074732333421707, 0.04861380532383919, 0.05027736723423004, 0.06868620216846466, 0.058775316923856735, 0.045580700039863586]"
15,57,"[1, 2, 3, 4, 5, 6, 7, 8, 9, 10, 11, 12, 13, 14, 15, 16, 17, 18, 19, 20]",0.0361246017199561,"[0.0953526422381401, 0.06474514305591583, 0.08382768929004669, 0.055494263768196106, 0.0568934790790081, 0.07064713537693024, 0.07188733667135239, 0.03366563469171524, 0.05505034327507019, 0.03467543423175812, 0.03625708073377609, 0.06750215590000153, 0.03735150396823883, 0.0551723912358284, 0.03461288660764694, 0.041679829359054565, 0.03191964700818062, 0.06412450969219208, 0.04660315066576004, 0.03855963796377182]"
15,58,"[1, 2, 3, 4, 5, 6, 7, 8, 9, 10, 11, 12, 13, 14, 15, 16, 17, 18, 19, 20]",0.6131716692693855,"[0.05698806047439575, 0.05791235342621803, 0.07460931688547134, 0.058279044926166534, 0.045799680054187775, 0.05315370112657547, 0.0618041455745697, 0.07346456497907639, 0.04010642692446709, 0.08697973936796188, 0.04239797219634056, 0.08047981560230255, 0.0416746512055397, 0.05710666626691818, 0.07490608096122742, 0.0629739835858345, 0.04834809899330139, 0.04997723549604416, 0.06445762515068054, 0.06927420198917389]"
15,59,"[1, 2, 3, 4, 5, 6, 7, 8, 9, 10, 11, 12, 13, 14, 15, 16, 17, 18, 19, 20]",0.0478811849091263,"[0.07133692502975464, 0.03906197473406792, 0.05661758407950401, 0.07615641504526138, 0.042807601392269135, 0.04094112664461136, 0.08848850429058075, 0.05207919329404831, 0.07460009306669235, 0.04666821286082268, 0.043933991342782974, 0.07384322583675385, 0.0668574720621109, 0.05853286013007164, 0.07317519187927246, 0.025727618485689163, 0.012709534727036953, 0.047572061419487, 0.05410008504986763, 0.02161889337003231]"
15,60,"[1, 2, 3, 4, 5, 6, 7, 8, 9, 10, 11, 12, 13, 14, 15, 16, 17, 18, 19, 20]",0.3028225441015321,"[0.04800042882561684, 0.07874550670385361, 0.03346842899918556, 0.061088889837265015, 0.060184165835380554, 0.046902477741241455, 0.05266501009464264, 0.05761117488145828, 0.07535139471292496, 0.05555885285139084, 0.07904565334320068, 0.07145132124423981, 0.051643338054418564, 0.07138940691947937, 0.07049139589071274, 0.06789954751729965, 0.08898505568504333, 0.0827755257487297, 0.07512936741113663, 0.07457633316516876]"
16,61,"[1, 2, 3, 4, 5, 6, 7, 8, 9, 10, 11, 12, 13, 14, 15, 16, 17, 18, 19, 20]",0.2149465379960994,"[0.04425709322094917, 0.04037030413746834, 0.056943103671073914, 0.044028379023075104, 0.044136907905340195, 0.054542895406484604, 0.06487664580345154, 0.05132708698511124, 0.04265084117650986, 0.06128060072660446, 0.04328607767820358, 0.07798948884010315, 0.04740213602781296, 0.036097895354032516, 0.047996245324611664, 0.019540561363101006, 0.0839143693447113, 0.0643329918384552, 0.04747562110424042, 0.04255615547299385]"
16,62,"[1, 2, 3, 4, 5, 6, 7, 8, 9, 10, 11, 12, 13, 14, 15, 16, 17, 18, 19, 20]",0.1561777405666507,"[0.040891773998737335, 0.040465980768203735, 0.06461790204048157, 0.06717097759246826, 0.08966106921434402, 0.062285516411066055, 0.054955121129751205, 0.06558370590209961, 0.05208838731050491, 0.03076024353504181, 0.06344810128211975, 0.09090953320264816, 0.04207613319158554, 0.043826036155223846, 0.07220502197742462, 0.06990481913089752, 0.049866192042827606, 0.05467994883656502, 0.05633080005645752, 0.05261515825986862]"
16,63,"[1, 2, 3, 4, 5, 6, 7, 8, 9, 10, 11, 12, 13, 14, 15, 16, 17, 18, 19, 20]",0.3269406800583413,"[0.0704096257686615, 0.03182116150856018, 0.04458179324865341, 0.0270148403942585, 0.06010846421122551, 0.05676192045211792, 0.0411120243370533, 0.03796450048685074, 0.03883714973926544, 0.04708772152662277, 0.09448844194412231, 0.0612526573240757, 0.04675082489848137, 0.0677146315574646, 0.08303789794445038, 0.08429620414972305, 0.05482078716158867, 0.0343472883105278, 0.06243685632944107, 0.03552157059311867]"
16,64,"[1, 2, 3, 4, 5, 6, 7, 8, 9, 10, 11, 12, 13, 14, 15, 16, 17, 18, 19, 20]",0.3019350413789085,"[0.048382993787527084, 0.10073000937700272, 0.07504194229841232, 0.06932734698057175, 0.05221934989094734, 0.08501924574375153, 0.08637607097625732, 0.07412268221378326, 0.05152096599340439, 0.0347895473241806, 0.043602243065834045, 0.08974909782409668, 0.03944169729948044, 0.041925035417079926, 0.0711129829287529, 0.07347039133310318, 0.04036882519721985, 0.06131480634212494, 0.08272285014390945, 0.09408096969127655]"
17,65,"[1, 2, 3, 4, 5, 6, 7, 8, 9, 10, 11, 12, 13, 14, 15, 16, 17, 18, 19, 20]",0.3309829158909766,"[0.05527786165475845, 0.04753477871417999, 0.07673732936382294, 0.07589508593082428, 0.031709909439086914, 0.020797226577997208, 0.05883815139532089, 0.054473668336868286, 0.06805403530597687, 0.07518088817596436, 0.05329543352127075, 0.05830195173621178, 0.04363248497247696, 0.041498247534036636, 0.07758348435163498, 0.06441842019557953, 0.08264132589101791, 0.06545446813106537, 0.02904319390654564, 0.05048708990216255]"
17,66,"[1, 2, 3, 4, 5, 6, 7, 8, 9, 10, 11, 12, 13, 14, 15, 16, 17, 18, 19, 20]",0.1502019524863095,"[0.05668332427740097, 0.05405657738447189, 0.037854406982660294, 0.06608510762453079, 0.0767584815621376, 0.07097253203392029, 0.07525887340307236, 0.06754124909639359, 0.028673755005002022, 0.042234402149915695, 0.0682370513677597, 0.04877456650137901, 0.03973368555307388, 0.03505074977874756, 0.06709356606006622, 0.06037856265902519, 0.06624959409236908, 0.044769223779439926, 0.036470066756010056, 0.052595991641283035]"
17,67,"[1, 2, 3, 4, 5, 6, 7, 8, 9, 10, 11, 12, 13, 14, 15, 16, 17, 18, 19, 20]",0.396631530277256,"[0.03781172260642052, 0.03998197242617607, 0.07774653285741806, 0.06372756510972977, 0.04994355887174606, 0.07539097964763641, 0.06971371173858643, 0.06178504228591919, 0.058768585324287415, 0.08174624294042587, 0.04638369008898735, 0.05448027327656746, 0.04766085743904114, 0.06875980645418167, 0.058704275637865067, 0.036425504833459854, 0.07422807067632675, 0.0794650986790657, 0.06273053586483002, 0.05426627770066261]"
17,68,"[1, 2, 3, 4, 5, 6, 7, 8, 9, 10, 11, 12, 13, 14, 15, 16, 17, 18, 19, 20]",0.1221836013454578,"[0.07967492938041687, 0.04151809588074684, 0.06718198210000992, 0.05926763638854027, 0.05471069738268852, 0.03702767565846443, 0.07490749657154083, 0.07489699125289917, 0.10220888257026672, 0.04216521233320236, 0.07205674052238464, 0.047741446644067764, 0.07788413017988205, 0.08375808596611023, 0.09275421500205994, 0.06966674327850342, 0.043665360659360886, 0.04899830371141434, 0.04280906915664673, 0.07610070705413818]"
18,69,"[1, 2, 3, 4, 5, 6, 7, 8, 9, 10, 11, 12, 13, 14, 15, 16, 17, 18, 19, 20]",0.2713738817134424,"[0.055851783603429794, 0.05588696897029877, 0.07823850214481354, 0.06871138513088226, 0.07348617166280746, 0.08607390522956848, 0.06859307736158371, 0.0665886327624321, 0.01802166737616062, 0.04421890527009964, 0.04111359268426895, 0.034412410110235214, 0.05490707978606224, 0.012059400789439678, 0.053597591817379, 0.06607908755540848, 0.045153312385082245, 0.08784559369087219, 0.045791953802108765, 0.03356582298874855]"
18,70,"[1, 2, 3, 4, 5, 6, 7, 8, 9, 10, 11, 12, 13, 14, 15, 16, 17, 18, 19, 20]",0.3176828955362218,"[0.04463456943631172, 0.027520261704921722, 0.05232500284910202, 0.07080496847629547, 0.05106879770755768, 0.06243015453219414, 0.049631647765636444, 0.04999244958162308, 0.0779355838894844, 0.024170514196157455, 0.048329275101423264, 0.043345674872398376, 0.05396168678998947, 0.056853216141462326, 0.03581870347261429, 0.04477974772453308, 0.03366558998823166, 0.06593817472457886, 0.0651470348238945, 0.04760630428791046]"
18,71,"[1, 2, 3, 4, 5, 6, 7, 8, 9, 10, 11, 12, 13, 14, 15, 16, 17, 18, 19, 20]",0.1939421267301772,"[0.039626218378543854, 0.04032757133245468, 0.04085591435432434, 0.07208149135112762, 0.02757357805967331, 0.058189112693071365, 0.052997421473264694, 0.0718318521976471, 0.04293312132358551, 0.057645250111818314, 0.00893380120396614, 0.04167376086115837, 0.08380793035030365, 0.025276126340031624, 0.048763252794742584, 0.07446685433387756, 0.061233751475811005, 0.06475485861301422, 0.06826428323984146, 0.05702291429042816]"
18,72,"[1, 2, 3, 4, 5, 6, 7, 8, 9, 10, 11, 12, 13, 14, 15, 16, 17, 18, 19, 20]",0.2170010960201584,"[0.06259939074516296, 0.04797634854912758, 0.075646311044693, 0.06969005614519119, 0.028906429186463356, 0.06663806736469269, 0.064473457634449, 0.054267704486846924, 0.06287524849176407, 0.03834246098995209, 0.07485806941986084, 0.01662112958729267, 0.030853593721985817, 0.04553631693124771, 0.07853686064481735, 0.06993768364191055, 0.057040199637413025, 0.05518810823559761, 0.0530618354678154, 0.06861769407987595]"
19,73,"[1, 2, 3, 4, 5, 6, 7, 8, 9, 10, 11, 12, 13, 14, 15, 16, 17, 18, 19, 20]",0.3540258386651219,"[0.08362728357315063, 0.05769464373588562, 0.030009714886546135, 0.037519246339797974, 0.046418868005275726, 0.03695748373866081, 0.07326159626245499, 0.06987109035253525, 0.034376032650470734, 0.06211230903863907, 0.08269166201353073, 0.06620020419359207, 0.10217569768428802, 0.049771662801504135, 0.0657220110297203, 0.06752686202526093, 0.033353809267282486, 0.05663330480456352, 0.06838443875312805, 0.0604829341173172]"
19,74,"[1, 2, 3, 4, 5, 6, 7, 8, 9, 10, 11, 12, 13, 14, 15, 16, 17, 18, 19, 20]",0.3538826317130738,"[0.07390518486499786, 0.04064992442727089, 0.06853771209716797, 0.05957293510437012, 0.08292938023805618, 0.0568486824631691, 0.05440300330519676, 0.034420594573020935, 0.08519510179758072, 0.09034482389688492, 0.07185916602611542, 0.02345089055597782, 0.04372065141797066, 0.08588249981403351, 0.06342214345932007, 0.052716970443725586, 0.08144388347864151, 0.060518715530633926, 0.0440199077129364, 0.04222424328327179]"
19,75,"[1, 2, 3, 4, 5, 6, 7, 8, 9, 10, 11, 12, 13, 14, 15, 16, 17, 18, 19, 20]",0.0481026289490331,"[0.0865682065486908, 0.058934979140758514, 0.04993576556444168, 0.0760258138179779, 0.06333014369010925, 0.05366170033812523, 0.06002921238541603, 0.08413037657737732, 0.04128750041127205, 0.039584673941135406, 0.09718917310237885, 0.09140446782112122, 0.03538113087415695, 0.07622122019529343, 0.05254219472408295, 0.0461244061589241, 0.06617110967636108, 0.04642660170793533, 0.040458619594573975, 0.05360449478030205]"
19,76,"[1, 2, 3, 4, 5, 6, 7, 8, 9, 10, 11, 12, 13, 14, 15, 16, 17, 18, 19, 20]",0.2439889006727711,"[0.0387488454580307, 0.043555743992328644, 0.06464214622974396, 0.06596609950065613, 0.05741323530673981, 0.03675133362412453, 0.0503188855946064, 0.0649060606956482, 0.03487906605005264, 0.03942001983523369, 0.05314167961478233, 0.07791556417942047, 0.067006915807724, 0.04326857626438141, 0.07464493811130524, 0.07557902485132217, 0.06621511280536652, 0.07336466759443283, 0.05061446130275726, 0.028388656675815582]"
20,77,"[1, 2, 3, 4, 5, 6, 7, 8, 9, 10, 11, 12, 13, 14, 15, 16, 17, 18, 19, 20]",0.2508190759526369,"[0.06901058554649353, 0.06782429665327072, 0.04801802337169647, 0.060016848146915436, 0.05211527645587921, 0.03459368646144867, 0.04197918251156807, 0.057763420045375824, 0.06154290959239006, 0.05296507477760315, 0.06880868226289749, 0.04381140321493149, 0.07810769975185394, 0.05631653219461441, 0.04512212425470352, 0.06011684983968735, 0.08763992786407471, 0.03903624415397644, 0.05774611234664917, 0.06900505721569061]"
20,78,"[1, 2, 3, 4, 5, 6, 7, 8, 9, 10, 11, 12, 13, 14, 15, 16, 17, 18, 19, 20]",0.4009063727368936,"[0.040825437754392624, 0.037365514785051346, 0.0756240040063858, 0.049624793231487274, 0.02723148837685585, 0.03600481525063515, 0.03952805697917938, 0.04731239378452301, 0.05766605958342552, 0.060833148658275604, 0.04395408183336258, 0.049259573221206665, 0.042459554970264435, 0.037573859095573425, 0.0811600610613823, 0.03632339835166931, 0.08537296950817108, 0.0630946159362793, 0.05882957950234413, 0.05797072872519493]"
20,79,"[1, 2, 3, 4, 5, 6, 7, 8, 9, 10, 11, 12, 13, 14, 15, 16, 17, 18, 19, 20]",0.2603366793169496,"[0.06621392071247101, 0.06391698122024536, 0.036440178751945496, 0.05199318379163742, 0.041701167821884155, 0.04451468214392662, 0.06292877346277237, 0.03112868033349514, 0.05334765091538429, 0.03535304591059685, 0.07820271700620651, 0.04996822774410248, 0.07656285166740417, 0.043473437428474426, 0.0513276681303978, 0.03531213104724884, 0.0796988308429718, 0.04963872954249382, 0.08186818659305573, 0.06827134639024734]"
20,80,"[1, 2, 3, 4, 5, 6, 7, 8, 9, 10, 11, 12, 13, 14, 15, 16, 17, 18, 19, 20]",0.0879378719935197,"[0.08520282804965973, 0.02602718397974968, 0.07023148983716965, 0.03140069171786308, 0.015606865286827087, 0.036837413907051086, 0.02174602448940277, 0.07073117792606354, 0.04620730131864548, 0.054865315556526184, 0.07845595479011536, 0.0880230963230133, 0.07974813133478165, 0.04382557421922684, 0.05014002323150635, 0.055756594985723495, 0.06019234657287598, 0.06247640773653984, 0.0699392706155777, 0.07455123215913773]"
